Order_ID,Order_Date,Customer_ID,Employee_ID,City,Category,Product,Quantity,Gross_Sales,Discount,Net_Sales,Cost,Profit,Status,TAT_Hours,Delivery_Date,Month,Month_No,Quarter
ORD00001,2025-04-13,CUST0256,EMP002,Delhi,Beauty,Face Wash,3,11626.56,0.1,10463.9,9098.45,1365.45,Completed,37,2025-04-14 13:00:00,Apr,4,Q2
ORD00002,2025-12-15,CUST0116,EMP003,Chennai,Electronics,Power Bank,2,9551.46,0.05,9073.89,7754.25,1319.64,Completed,13,2025-12-15 13:00:00,Dec,12,Q4
ORD00003,2025-09-28,CUST0049,EMP007,Delhi,Office Supplies,File Folder,5,13189.6,0.0,13189.6,11102.28,2087.32,Completed,8,2025-09-28 08:00:00,Sep,9,Q3
ORD00004,2025-04-17,CUST0227,EMP004,Kolkata,Office Supplies,Pen Set,1,3949.88,0.0,3949.88,2761.71,1188.17,Cancelled,16,2025-04-17 16:00:00,Apr,4,Q2
ORD00005,2025-03-13,CUST0069,EMP001,Mumbai,Electronics,Headphones,2,3031.34,0.1,2728.21,2272.25,455.96,Completed,6,2025-03-13 06:00:00,Mar,3,Q1
ORD00006,2025-07-08,CUST0126,EMP005,Bengaluru,Office Supplies,File Folder,7,18826.01,0.15,16002.11,9056.72,6945.39,Completed,22,2025-07-08 22:00:00,Jul,7,Q3
ORD00007,2025-01-21,CUST0213,EMP009,Bengaluru,Electronics,USB Hub,4,21344.96,0.0,21344.96,12785.86,8559.1,Cancelled,23,2025-01-21 23:00:00,Jan,1,Q1
ORD00008,2025-04-13,CUST0053,EMP008,Chennai,Beauty,Hair Dryer,5,13350.15,0.0,13350.15,9166.34,4183.81,Completed,47,2025-04-14 23:00:00,Apr,4,Q2
ORD00009,2025-05-02,CUST0112,EMP009,Delhi,Fashion,Jacket,1,7662.85,0.2,6130.28,4349.55,1780.73,Completed,38,2025-05-03 14:00:00,May,5,Q2
ORD00010,2025-08-03,CUST0159,EMP010,Ahmedabad,Electronics,Keyboard,3,16191.6,0.0,16191.6,10313.36,5878.24,Completed,9,2025-08-03 09:00:00,Aug,8,Q3
ORD00011,2025-11-27,CUST0240,EMP009,Ahmedabad,Home & Kitchen,Storage Box,7,26689.04,0.2,21351.23,14254.88,7096.35,Delayed,79,2025-11-30 07:00:00,Nov,11,Q4
ORD00012,2025-03-29,CUST0150,EMP007,Mumbai,Electronics,Wireless Mouse,1,473.62,0.05,449.94,271.64,178.3,Completed,7,2025-03-29 07:00:00,Mar,3,Q1
ORD00013,2025-04-10,CUST0139,EMP004,Pune,Office Supplies,Desk Organizer,3,12963.69,0.15,11019.14,7839.17,3179.97,Cancelled,8,2025-04-10 08:00:00,Apr,4,Q2
ORD00014,2025-12-26,CUST0113,EMP005,Kolkata,Beauty,Hair Dryer,5,32679.4,0.05,31045.43,25207.9,5837.53,Cancelled,14,2025-12-26 14:00:00,Dec,12,Q4
ORD00015,2025-06-01,CUST0143,EMP001,Delhi,Beauty,Hair Dryer,3,7102.23,0.2,5681.78,4365.02,1316.76,Pending,15,2025-06-01 15:00:00,Jun,6,Q2
ORD00016,2025-05-11,CUST0138,EMP001,Ahmedabad,Electronics,Headphones,4,27546.24,0.15,23414.3,13710.75,9703.55,Pending,20,2025-05-11 20:00:00,May,5,Q2
ORD00017,2025-05-30,CUST0031,EMP003,Ahmedabad,Fashion,Backpack,7,15768.13,0.05,14979.72,10649.11,4330.61,Cancelled,7,2025-05-30 07:00:00,May,5,Q2
ORD00018,2025-11-05,CUST0293,EMP008,Delhi,Home & Kitchen,Water Bottle,6,42169.68,0.0,42169.68,32901.77,9267.91,Cancelled,15,2025-11-05 15:00:00,Nov,11,Q4
ORD00019,2025-09-15,CUST0108,EMP002,Pune,Beauty,Shampoo,3,2585.97,0.15,2198.07,1593.3,604.77,Completed,23,2025-09-15 23:00:00,Sep,9,Q3
ORD00020,2025-12-10,CUST0284,EMP004,Hyderabad,Office Supplies,Calculator,4,29530.52,0.1,26577.47,18052.82,8524.65,Completed,27,2025-12-11 03:00:00,Dec,12,Q4
ORD00021,2025-10-21,CUST0159,EMP002,Kolkata,Office Supplies,File Folder,6,25909.26,0.0,25909.26,19567.5,6341.76,Completed,38,2025-10-22 14:00:00,Oct,10,Q4
ORD00022,2025-07-11,CUST0014,EMP005,Chennai,Fashion,T-Shirt,7,18382.63,0.0,18382.63,15986.47,2396.16,Delayed,89,2025-07-14 17:00:00,Jul,7,Q3
ORD00023,2025-10-04,CUST0122,EMP009,Kolkata,Beauty,Perfume,5,11818.5,0.15,10045.72,5839.77,4205.95,Completed,22,2025-10-04 22:00:00,Oct,10,Q4
ORD00024,2025-06-10,CUST0215,EMP001,Mumbai,Electronics,Headphones,5,18786.45,0.05,17847.13,12112.94,5734.19,Delayed,61,2025-06-12 13:00:00,Jun,6,Q2
ORD00025,2025-11-10,CUST0272,EMP005,Chennai,Office Supplies,File Folder,7,59444.42,0.1,53499.98,36603.61,16896.37,Completed,36,2025-11-11 12:00:00,Nov,11,Q4
ORD00026,2025-01-22,CUST0025,EMP009,Pune,Fashion,Jeans,7,13928.11,0.1,12535.3,9281.13,3254.17,Completed,5,2025-01-22 05:00:00,Jan,1,Q1
ORD00027,2025-09-10,CUST0294,EMP001,Mumbai,Beauty,Perfume,1,1011.86,0.2,809.49,485.87,323.62,Delayed,88,2025-09-13 16:00:00,Sep,9,Q3
ORD00028,2025-08-24,CUST0169,EMP009,Bengaluru,Beauty,Hair Dryer,4,20140.16,0.2,16112.13,9800.88,6311.25,Completed,48,2025-08-26 00:00:00,Aug,8,Q3
ORD00029,2025-12-11,CUST0103,EMP008,Bengaluru,Beauty,Moisturizer,4,16917.32,0.25,12687.99,8173.21,4514.78,Pending,14,2025-12-11 14:00:00,Dec,12,Q4
ORD00030,2025-02-18,CUST0040,EMP004,Kolkata,Beauty,Hair Dryer,7,31689.28,0.0,31689.28,27425.08,4264.2,Delayed,96,2025-02-22 00:00:00,Feb,2,Q1
ORD00031,2025-02-28,CUST0235,EMP010,Mumbai,Beauty,Moisturizer,2,11437.82,0.2,9150.26,7249.35,1900.91,Completed,33,2025-03-01 09:00:00,Feb,2,Q1
ORD00032,2025-06-19,CUST0089,EMP005,Chennai,Office Supplies,Calculator,2,4761.3,0.05,4523.23,3475.46,1047.77,Completed,27,2025-06-20 03:00:00,Jun,6,Q2
ORD00033,2025-07-07,CUST0100,EMP005,Chennai,Fashion,Sneakers,6,46524.3,0.1,41871.87,34318.02,7553.85,Delayed,64,2025-07-09 16:00:00,Jul,7,Q3
ORD00034,2025-09-28,CUST0144,EMP006,Bengaluru,Beauty,Shampoo,6,22727.16,0.1,20454.44,12111.08,8343.36,Cancelled,13,2025-09-28 13:00:00,Sep,9,Q3
ORD00035,2025-07-09,CUST0082,EMP007,Bengaluru,Home & Kitchen,Cookware Set,2,2455.74,0.0,2455.74,2047.06,408.68,Completed,44,2025-07-10 20:00:00,Jul,7,Q3
ORD00036,2025-06-24,CUST0077,EMP008,Pune,Home & Kitchen,Mixer Grinder,7,44437.33,0.2,35549.86,26530.68,9019.18,Pending,20,2025-06-24 20:00:00,Jun,6,Q2
ORD00037,2025-02-20,CUST0059,EMP008,Mumbai,Fashion,Jeans,7,38639.44,0.0,38639.44,25527.48,13111.96,Completed,21,2025-02-20 21:00:00,Feb,2,Q1
ORD00038,2025-12-30,CUST0229,EMP002,Chennai,Electronics,Power Bank,6,16718.76,0.1,15046.88,12326.89,2719.99,Completed,22,2025-12-30 22:00:00,Dec,12,Q4
ORD00039,2025-02-24,CUST0091,EMP009,Ahmedabad,Electronics,Wireless Mouse,3,16019.04,0.15,13616.18,11095.09,2521.09,Completed,10,2025-02-24 10:00:00,Feb,2,Q1
ORD00040,2025-09-01,CUST0001,EMP007,Pune,Electronics,Headphones,7,13900.95,0.15,11815.81,9796.3,2019.51,Pending,0,2025-09-01 00:00:00,Sep,9,Q3
ORD00041,2025-11-16,CUST0269,EMP004,Chennai,Home & Kitchen,Storage Box,2,7728.82,0.0,7728.82,4545.48,3183.34,Completed,27,2025-11-17 03:00:00,Nov,11,Q4
ORD00042,2025-05-11,CUST0286,EMP004,Bengaluru,Electronics,USB Hub,4,30640.36,0.05,29108.34,25321.03,3787.31,Completed,18,2025-05-11 18:00:00,May,5,Q2
ORD00043,2025-11-03,CUST0197,EMP008,Mumbai,Office Supplies,Pen Set,7,8855.07,0.15,7526.81,6523.31,1003.5,Completed,44,2025-11-04 20:00:00,Nov,11,Q4
ORD00044,2025-05-15,CUST0274,EMP004,Hyderabad,Beauty,Moisturizer,7,23652.44,0.05,22469.82,15009.05,7460.77,Completed,45,2025-05-16 21:00:00,May,5,Q2
ORD00045,2025-01-21,CUST0078,EMP006,Mumbai,Home & Kitchen,Water Bottle,3,21019.62,0.1,18917.66,10816.08,8101.58,Completed,26,2025-01-22 02:00:00,Jan,1,Q1
ORD00046,2025-11-25,CUST0141,EMP005,Delhi,Fashion,Backpack,6,49471.5,0.05,46997.92,28439.77,18558.15,Pending,1,2025-11-25 01:00:00,Nov,11,Q4
ORD00047,2025-06-16,CUST0288,EMP003,Ahmedabad,Fashion,Jacket,7,27581.96,0.1,24823.76,21786.18,3037.58,Completed,41,2025-06-17 17:00:00,Jun,6,Q2
ORD00048,2025-10-01,CUST0071,EMP010,Ahmedabad,Beauty,Perfume,5,21917.25,0.2,17533.8,12901.27,4632.53,Completed,7,2025-10-01 07:00:00,Oct,10,Q4
ORD00049,2025-03-30,CUST0050,EMP002,Ahmedabad,Home & Kitchen,Table Lamp,1,4927.64,0.1,4434.88,2961.1,1473.78,Cancelled,22,2025-03-30 22:00:00,Mar,3,Q1
ORD00050,2025-11-12,CUST0080,EMP009,Hyderabad,Electronics,Wireless Mouse,2,15870.22,0.1,14283.2,9214.19,5069.01,Pending,21,2025-11-12 21:00:00,Nov,11,Q4
ORD00051,2025-01-14,CUST0235,EMP010,Kolkata,Electronics,Headphones,5,36580.15,0.05,34751.14,22060.28,12690.86,Cancelled,7,2025-01-14 07:00:00,Jan,1,Q1
ORD00052,2025-08-30,CUST0287,EMP009,Kolkata,Office Supplies,Notebook,6,9447.12,0.1,8502.41,6539.8,1962.61,Pending,24,2025-08-31 00:00:00,Aug,8,Q3
ORD00053,2025-09-22,CUST0155,EMP001,Pune,Office Supplies,Notebook,4,15187.72,0.0,15187.72,10455.2,4732.52,Completed,43,2025-09-23 19:00:00,Sep,9,Q3
ORD00054,2025-12-12,CUST0060,EMP010,Hyderabad,Electronics,Keyboard,1,4024.4,0.05,3823.18,3320.76,502.42,Completed,40,2025-12-13 16:00:00,Dec,12,Q4
ORD00055,2025-02-22,CUST0033,EMP003,Hyderabad,Fashion,Backpack,5,33694.75,0.05,32010.01,24829.15,7180.86,Completed,14,2025-02-22 14:00:00,Feb,2,Q1
ORD00056,2025-12-06,CUST0127,EMP008,Pune,Fashion,T-Shirt,1,5184.16,0.1,4665.74,3785.66,880.08,Completed,14,2025-12-06 14:00:00,Dec,12,Q4
ORD00057,2025-04-02,CUST0221,EMP006,Mumbai,Office Supplies,Desk Organizer,2,11225.48,0.1,10102.93,6532.6,3570.33,Cancelled,1,2025-04-02 01:00:00,Apr,4,Q2
ORD00058,2025-09-21,CUST0200,EMP005,Pune,Beauty,Face Wash,6,50909.82,0.05,48364.33,27864.21,20500.12,Completed,17,2025-09-21 17:00:00,Sep,9,Q3
ORD00059,2025-02-04,CUST0126,EMP005,Delhi,Electronics,Power Bank,7,5431.44,0.05,5159.87,3668.57,1491.3,Delayed,72,2025-02-07 00:00:00,Feb,2,Q1
ORD00060,2025-07-25,CUST0041,EMP006,Bengaluru,Office Supplies,Pen Set,4,8048.52,0.05,7646.09,4999.1,2646.99,Completed,28,2025-07-26 04:00:00,Jul,7,Q3
ORD00061,2025-03-22,CUST0275,EMP007,Kolkata,Office Supplies,Notebook,6,21335.58,0.2,17068.46,10525.9,6542.56,Completed,21,2025-03-22 21:00:00,Mar,3,Q1
ORD00062,2025-02-19,CUST0297,EMP001,Bengaluru,Electronics,USB Hub,1,3053.98,0.1,2748.58,2375.8,372.78,Cancelled,11,2025-02-19 11:00:00,Feb,2,Q1
ORD00063,2025-12-26,CUST0085,EMP009,Kolkata,Electronics,Keyboard,5,1653.7,0.0,1653.7,1151.83,501.87,Pending,2,2025-12-26 02:00:00,Dec,12,Q4
ORD00064,2025-01-02,CUST0089,EMP003,Hyderabad,Fashion,Sneakers,2,1832.68,0.0,1832.68,1113.64,719.04,Completed,21,2025-01-02 21:00:00,Jan,1,Q1
ORD00065,2025-02-23,CUST0042,EMP004,Ahmedabad,Beauty,Shampoo,2,11671.92,0.25,8753.94,5388.53,3365.41,Delayed,59,2025-02-25 11:00:00,Feb,2,Q1
ORD00066,2025-04-16,CUST0120,EMP010,Pune,Beauty,Face Wash,6,44954.16,0.05,42706.45,27444.63,15261.82,Completed,10,2025-04-16 10:00:00,Apr,4,Q2
ORD00067,2025-09-17,CUST0279,EMP001,Pune,Electronics,Headphones,7,31106.6,0.15,26440.61,23261.77,3178.84,Completed,47,2025-09-18 23:00:00,Sep,9,Q3
ORD00068,2025-11-06,CUST0033,EMP010,Pune,Home & Kitchen,Storage Box,5,23261.25,0.0,23261.25,14851.0,8410.25,Completed,17,2025-11-06 17:00:00,Nov,11,Q4
ORD00069,2025-07-10,CUST0276,EMP003,Ahmedabad,Office Supplies,Desk Organizer,7,15960.21,0.2,12768.17,8407.9,4360.27,Completed,18,2025-07-10 18:00:00,Jul,7,Q3
ORD00070,2025-08-06,CUST0153,EMP002,Delhi,Office Supplies,Desk Organizer,7,45932.39,0.2,36745.91,28205.36,8540.55,Pending,19,2025-08-06 19:00:00,Aug,8,Q3
ORD00071,2025-02-13,CUST0090,EMP002,Delhi,Electronics,Headphones,5,32137.4,0.1,28923.66,18713.82,10209.84,Completed,5,2025-02-13 05:00:00,Feb,2,Q1
ORD00072,2025-06-11,CUST0104,EMP001,Ahmedabad,Home & Kitchen,Cookware Set,1,5062.85,0.0,5062.85,3145.12,1917.73,Completed,33,2025-06-12 09:00:00,Jun,6,Q2
ORD00073,2025-07-21,CUST0012,EMP008,Mumbai,Fashion,Jeans,6,11554.5,0.05,10976.78,6611.87,4364.91,Pending,18,2025-07-21 18:00:00,Jul,7,Q3
ORD00074,2025-09-27,CUST0160,EMP003,Ahmedabad,Electronics,USB Hub,6,5760.6,0.05,5472.57,3574.6,1897.97,Delayed,69,2025-09-29 21:00:00,Sep,9,Q3
ORD00075,2025-12-17,CUST0196,EMP003,Chennai,Electronics,USB Hub,3,2059.17,0.1,1853.25,1084.06,769.19,Pending,9,2025-12-17 09:00:00,Dec,12,Q4
ORD00076,2025-10-31,CUST0262,EMP006,Kolkata,Office Supplies,Pen Set,6,30594.06,0.05,29064.36,16164.24,12900.12,Completed,47,2025-11-01 23:00:00,Oct,10,Q4
ORD00077,2025-09-28,CUST0091,EMP008,Chennai,Electronics,USB Hub,2,14078.08,0.0,14078.08,11481.12,2596.96,Completed,16,2025-09-28 16:00:00,Sep,9,Q3
ORD00078,2025-08-03,CUST0197,EMP009,Chennai,Electronics,Wireless Mouse,1,7317.06,0.1,6585.35,3921.61,2663.74,Completed,23,2025-08-03 23:00:00,Aug,8,Q3
ORD00079,2025-09-09,CUST0069,EMP009,Ahmedabad,Electronics,Keyboard,5,20106.2,0.1,18095.58,14586.35,3509.23,Completed,38,2025-09-10 14:00:00,Sep,9,Q3
ORD00080,2025-07-09,CUST0220,EMP004,Kolkata,Office Supplies,Desk Organizer,6,40192.02,0.05,38182.42,31049.52,7132.9,Pending,6,2025-07-09 06:00:00,Jul,7,Q3
ORD00081,2025-10-23,CUST0214,EMP005,Mumbai,Fashion,Jeans,1,8056.45,0.0,8056.45,5861.18,2195.27,Cancelled,15,2025-10-23 15:00:00,Oct,10,Q4
ORD00082,2025-08-01,CUST0146,EMP002,Pune,Fashion,Backpack,6,14686.02,0.25,11014.52,7183.62,3830.9,Cancelled,17,2025-08-01 17:00:00,Aug,8,Q3
ORD00083,2025-07-27,CUST0233,EMP009,Chennai,Electronics,Power Bank,5,17364.85,0.1,15628.36,9343.58,6284.78,Completed,41,2025-07-28 17:00:00,Jul,7,Q3
ORD00084,2025-08-25,CUST0234,EMP008,Ahmedabad,Office Supplies,File Folder,4,31711.4,0.15,26954.69,21379.0,5575.69,Completed,38,2025-08-26 14:00:00,Aug,8,Q3
ORD00085,2025-12-04,CUST0214,EMP003,Pune,Fashion,Sneakers,5,14871.15,0.1,13384.04,10017.39,3366.65,Completed,39,2025-12-05 15:00:00,Dec,12,Q4
ORD00086,2025-02-22,CUST0061,EMP009,Ahmedabad,Fashion,Jacket,5,38904.35,0.0,38904.35,29812.39,9091.96,Pending,9,2025-02-22 09:00:00,Feb,2,Q1
ORD00087,2025-10-07,CUST0078,EMP003,Hyderabad,Fashion,Jeans,5,41708.6,0.05,39623.17,21906.1,17717.07,Completed,6,2025-10-07 06:00:00,Oct,10,Q4
ORD00088,2025-08-05,CUST0095,EMP009,Chennai,Office Supplies,Notebook,6,34056.72,0.05,32353.88,27697.53,4656.35,Completed,11,2025-08-05 11:00:00,Aug,8,Q3
ORD00089,2025-09-09,CUST0216,EMP002,Hyderabad,Office Supplies,Desk Organizer,3,20913.09,0.15,17776.13,10165.74,7610.39,Completed,43,2025-09-10 19:00:00,Sep,9,Q3
ORD00090,2025-07-07,CUST0213,EMP010,Mumbai,Electronics,Power Bank,5,32043.55,0.1,28839.2,19352.43,9486.77,Delayed,52,2025-07-09 04:00:00,Jul,7,Q3
ORD00091,2025-02-10,CUST0200,EMP009,Bengaluru,Beauty,Moisturizer,2,11982.22,0.05,11383.11,7773.47,3609.64,Pending,10,2025-02-10 10:00:00,Feb,2,Q1
ORD00092,2025-06-06,CUST0031,EMP008,Delhi,Fashion,Jacket,2,5425.74,0.25,4069.3,2239.94,1829.36,Completed,10,2025-06-06 10:00:00,Jun,6,Q2
ORD00093,2025-01-15,CUST0290,EMP009,Kolkata,Beauty,Moisturizer,1,626.74,0.05,595.4,425.14,170.26,Completed,5,2025-01-15 05:00:00,Jan,1,Q1
ORD00094,2025-10-28,CUST0135,EMP005,Ahmedabad,Office Supplies,File Folder,3,9043.44,0.25,6782.58,5415.39,1367.19,Delayed,63,2025-10-30 15:00:00,Oct,10,Q4
ORD00095,2025-03-06,CUST0083,EMP002,Mumbai,Office Supplies,Calculator,1,5718.92,0.25,4289.19,3524.34,764.85,Pending,7,2025-03-06 07:00:00,Mar,3,Q1
ORD00096,2025-12-11,CUST0047,EMP008,Mumbai,Office Supplies,Notebook,2,2012.24,0.0,2012.24,1690.69,321.55,Pending,8,2025-12-11 08:00:00,Dec,12,Q4
ORD00097,2025-11-23,CUST0206,EMP006,Mumbai,Beauty,Moisturizer,7,1746.64,0.05,1659.31,1179.68,479.63,Cancelled,14,2025-11-23 14:00:00,Nov,11,Q4
ORD00098,2025-01-09,CUST0077,EMP008,Chennai,Office Supplies,File Folder,2,2632.86,0.1,2369.57,1796.39,573.18,Completed,39,2025-01-10 15:00:00,Jan,1,Q1
ORD00099,2025-12-10,CUST0259,EMP005,Hyderabad,Electronics,Power Bank,4,24505.56,0.1,22055.0,12709.01,9345.99,Pending,2,2025-12-10 02:00:00,Dec,12,Q4
ORD00100,2025-05-09,CUST0092,EMP010,Delhi,Office Supplies,Calculator,5,41364.15,0.1,37227.74,26470.88,10756.86,Completed,48,2025-05-11 00:00:00,May,5,Q2
ORD00101,2025-05-16,CUST0100,EMP002,Chennai,Home & Kitchen,Water Bottle,7,58510.13,0.25,43882.6,26377.36,17505.24,Completed,45,2025-05-17 21:00:00,May,5,Q2
ORD00102,2025-03-04,CUST0195,EMP006,Bengaluru,Beauty,Face Wash,2,8549.46,0.15,7267.04,4883.32,2383.72,Completed,12,2025-03-04 12:00:00,Mar,3,Q1
ORD00103,2025-05-19,CUST0192,EMP005,Kolkata,Home & Kitchen,Mixer Grinder,6,44454.54,0.05,42231.81,27816.86,14414.95,Delayed,70,2025-05-21 22:00:00,May,5,Q2
ORD00104,2025-03-22,CUST0068,EMP005,Kolkata,Office Supplies,Calculator,6,37815.0,0.0,37815.0,26083.59,11731.41,Delayed,73,2025-03-25 01:00:00,Mar,3,Q1
ORD00105,2025-06-12,CUST0242,EMP001,Delhi,Electronics,Power Bank,1,4333.69,0.1,3900.32,2880.93,1019.39,Completed,14,2025-06-12 14:00:00,Jun,6,Q2
ORD00106,2025-10-16,CUST0090,EMP002,Kolkata,Fashion,Sneakers,7,34527.85,0.0,34527.85,29277.87,5249.98,Pending,13,2025-10-16 13:00:00,Oct,10,Q4
ORD00107,2025-09-18,CUST0010,EMP008,Kolkata,Office Supplies,Calculator,1,1295.85,0.15,1101.47,749.2,352.27,Pending,18,2025-09-18 18:00:00,Sep,9,Q3
ORD00108,2025-08-19,CUST0264,EMP003,Mumbai,Electronics,Power Bank,5,39897.35,0.05,37902.48,33118.17,4784.31,Completed,14,2025-08-19 14:00:00,Aug,8,Q3
ORD00109,2025-02-10,CUST0268,EMP010,Pune,Beauty,Face Wash,5,15443.05,0.05,14670.9,11743.75,2927.15,Cancelled,15,2025-02-10 15:00:00,Feb,2,Q1
ORD00110,2025-01-28,CUST0118,EMP003,Bengaluru,Home & Kitchen,Mixer Grinder,4,15501.4,0.0,15501.4,11142.23,4359.17,Cancelled,21,2025-01-28 21:00:00,Jan,1,Q1
ORD00111,2025-05-15,CUST0250,EMP008,Hyderabad,Home & Kitchen,Water Bottle,3,17275.08,0.15,14683.82,11196.83,3486.99,Cancelled,19,2025-05-15 19:00:00,May,5,Q2
ORD00112,2025-07-20,CUST0059,EMP008,Ahmedabad,Home & Kitchen,Table Lamp,1,2938.09,0.0,2938.09,1715.06,1223.03,Completed,14,2025-07-20 14:00:00,Jul,7,Q3
ORD00113,2025-11-24,CUST0195,EMP002,Bengaluru,Beauty,Moisturizer,5,11365.3,0.15,9660.5,8005.58,1654.92,Cancelled,9,2025-11-24 09:00:00,Nov,11,Q4
ORD00114,2025-09-25,CUST0050,EMP008,Chennai,Electronics,Headphones,1,5419.26,0.1,4877.33,3619.85,1257.48,Completed,31,2025-09-26 07:00:00,Sep,9,Q3
ORD00115,2025-02-02,CUST0296,EMP001,Kolkata,Beauty,Shampoo,5,1793.1,0.15,1524.14,1334.24,189.9,Delayed,89,2025-02-05 17:00:00,Feb,2,Q1
ORD00116,2025-02-17,CUST0097,EMP006,Pune,Home & Kitchen,Water Bottle,2,12336.1,0.1,11102.49,8438.13,2664.36,Delayed,95,2025-02-20 23:00:00,Feb,2,Q1
ORD00117,2025-03-03,CUST0127,EMP008,Ahmedabad,Office Supplies,Desk Organizer,1,4442.1,0.0,4442.1,3665.87,776.23,Completed,28,2025-03-04 04:00:00,Mar,3,Q1
ORD00118,2025-08-04,CUST0246,EMP003,Chennai,Fashion,Jeans,2,10416.08,0.15,8853.67,7206.19,1647.48,Completed,23,2025-08-04 23:00:00,Aug,8,Q3
ORD00119,2025-10-20,CUST0087,EMP008,Delhi,Beauty,Shampoo,1,5426.2,0.0,5426.2,3603.01,1823.19,Completed,31,2025-10-21 07:00:00,Oct,10,Q4
ORD00120,2025-04-09,CUST0077,EMP001,Mumbai,Beauty,Moisturizer,3,13652.61,0.1,12287.35,7810.72,4476.63,Delayed,79,2025-04-12 07:00:00,Apr,4,Q2
ORD00121,2025-06-21,CUST0204,EMP009,Kolkata,Electronics,Power Bank,4,20056.64,0.0,20056.64,13880.46,6176.18,Completed,14,2025-06-21 14:00:00,Jun,6,Q2
ORD00122,2025-12-26,CUST0146,EMP009,Mumbai,Electronics,Keyboard,6,35157.78,0.15,29884.11,21044.08,8840.03,Delayed,91,2025-12-29 19:00:00,Dec,12,Q4
ORD00123,2025-08-02,CUST0149,EMP005,Bengaluru,Beauty,Shampoo,6,38631.24,0.2,30904.99,19446.28,11458.71,Completed,31,2025-08-03 07:00:00,Aug,8,Q3
ORD00124,2025-02-04,CUST0111,EMP010,Mumbai,Home & Kitchen,Cookware Set,6,37345.38,0.1,33610.84,28408.46,5202.38,Completed,4,2025-02-04 04:00:00,Feb,2,Q1
ORD00125,2025-08-15,CUST0129,EMP004,Mumbai,Fashion,Jacket,2,14822.6,0.1,13340.34,9725.65,3614.69,Completed,8,2025-08-15 08:00:00,Aug,8,Q3
ORD00126,2025-04-11,CUST0253,EMP006,Delhi,Electronics,Power Bank,7,12122.95,0.15,10304.51,8994.67,1309.84,Completed,13,2025-04-11 13:00:00,Apr,4,Q2
ORD00127,2025-05-11,CUST0166,EMP007,Hyderabad,Home & Kitchen,Storage Box,5,17497.95,0.0,17497.95,14301.18,3196.77,Completed,45,2025-05-12 21:00:00,May,5,Q2
ORD00128,2025-09-14,CUST0297,EMP005,Hyderabad,Office Supplies,Calculator,6,48384.6,0.2,38707.68,28387.54,10320.14,Delayed,96,2025-09-18 00:00:00,Sep,9,Q3
ORD00129,2025-01-05,CUST0137,EMP010,Chennai,Electronics,Wireless Mouse,3,10384.59,0.0,10384.59,8956.95,1427.64,Delayed,57,2025-01-07 09:00:00,Jan,1,Q1
ORD00130,2025-08-06,CUST0279,EMP009,Kolkata,Home & Kitchen,Cookware Set,6,7156.02,0.25,5367.02,3846.05,1520.97,Delayed,49,2025-08-08 01:00:00,Aug,8,Q3
ORD00131,2025-09-12,CUST0011,EMP003,Chennai,Home & Kitchen,Storage Box,1,4537.47,0.15,3856.85,3250.34,606.51,Cancelled,5,2025-09-12 05:00:00,Sep,9,Q3
ORD00132,2025-12-25,CUST0071,EMP007,Hyderabad,Fashion,Jacket,2,2128.5,0.15,1809.22,1208.9,600.32,Cancelled,6,2025-12-25 06:00:00,Dec,12,Q4
ORD00133,2025-10-10,CUST0159,EMP010,Bengaluru,Fashion,Sneakers,7,12906.74,0.1,11616.07,7840.29,3775.78,Cancelled,16,2025-10-10 16:00:00,Oct,10,Q4
ORD00134,2025-07-26,CUST0216,EMP010,Hyderabad,Office Supplies,Pen Set,1,8485.96,0.1,7637.36,5254.37,2382.99,Cancelled,8,2025-07-26 08:00:00,Jul,7,Q3
ORD00135,2025-01-15,CUST0026,EMP005,Chennai,Home & Kitchen,Cookware Set,7,32692.66,0.1,29423.39,21490.45,7932.94,Cancelled,6,2025-01-15 06:00:00,Jan,1,Q1
ORD00136,2025-12-12,CUST0286,EMP007,Pune,Home & Kitchen,Mixer Grinder,1,2521.89,0.0,2521.89,1847.67,674.22,Completed,14,2025-12-12 14:00:00,Dec,12,Q4
ORD00137,2025-02-11,CUST0162,EMP002,Kolkata,Fashion,Sneakers,1,8456.37,0.1,7610.73,5432.63,2178.1,Completed,33,2025-02-12 09:00:00,Feb,2,Q1
ORD00138,2025-06-28,CUST0102,EMP004,Mumbai,Electronics,USB Hub,4,32883.08,0.1,29594.77,19265.61,10329.16,Completed,35,2025-06-29 11:00:00,Jun,6,Q2
ORD00139,2025-03-04,CUST0069,EMP002,Delhi,Electronics,USB Hub,4,15320.68,0.2,12256.54,10491.33,1765.21,Completed,35,2025-03-05 11:00:00,Mar,3,Q1
ORD00140,2025-12-18,CUST0133,EMP007,Pune,Beauty,Perfume,5,11621.85,0.1,10459.67,7784.44,2675.23,Cancelled,19,2025-12-18 19:00:00,Dec,12,Q4
ORD00141,2025-08-19,CUST0189,EMP002,Pune,Fashion,Jacket,2,14301.28,0.0,14301.28,9790.0,4511.28,Completed,31,2025-08-20 07:00:00,Aug,8,Q3
ORD00142,2025-08-29,CUST0211,EMP001,Mumbai,Beauty,Shampoo,3,18376.29,0.05,17457.48,13353.02,4104.46,Delayed,77,2025-09-01 05:00:00,Aug,8,Q3
ORD00143,2025-02-21,CUST0243,EMP009,Hyderabad,Fashion,Sneakers,3,17657.88,0.1,15892.09,12768.17,3123.92,Completed,25,2025-02-22 01:00:00,Feb,2,Q1
ORD00144,2025-04-06,CUST0166,EMP001,Ahmedabad,Office Supplies,Pen Set,3,22822.5,0.05,21681.38,18798.63,2882.75,Completed,20,2025-04-06 20:00:00,Apr,4,Q2
ORD00145,2025-08-10,CUST0061,EMP008,Kolkata,Home & Kitchen,Water Bottle,1,5906.63,0.05,5611.3,4011.24,1600.06,Completed,25,2025-08-11 01:00:00,Aug,8,Q3
ORD00146,2025-08-19,CUST0279,EMP002,Bengaluru,Office Supplies,File Folder,4,10078.84,0.15,8567.01,5028.77,3538.24,Completed,46,2025-08-20 22:00:00,Aug,8,Q3
ORD00147,2025-08-25,CUST0113,EMP008,Pune,Fashion,Sneakers,2,11887.52,0.1,10698.77,7440.49,3258.28,Completed,22,2025-08-25 22:00:00,Aug,8,Q3
ORD00148,2025-05-23,CUST0030,EMP003,Bengaluru,Home & Kitchen,Table Lamp,1,2703.54,0.1,2433.19,1722.85,710.34,Cancelled,7,2025-05-23 07:00:00,May,5,Q2
ORD00149,2025-06-20,CUST0161,EMP006,Delhi,Electronics,Keyboard,7,45427.55,0.05,43156.17,36510.47,6645.7,Completed,27,2025-06-21 03:00:00,Jun,6,Q2
ORD00150,2025-01-29,CUST0234,EMP003,Delhi,Electronics,Headphones,4,21299.56,0.15,18104.63,12316.29,5788.34,Completed,39,2025-01-30 15:00:00,Jan,1,Q1
ORD00151,2025-02-05,CUST0170,EMP007,Delhi,Beauty,Perfume,4,3185.56,0.05,3026.28,2616.51,409.77,Delayed,59,2025-02-07 11:00:00,Feb,2,Q1
ORD00152,2025-01-13,CUST0186,EMP010,Chennai,Fashion,Sneakers,6,26593.08,0.15,22604.12,16051.04,6553.08,Completed,39,2025-01-14 15:00:00,Jan,1,Q1
ORD00153,2025-06-09,CUST0057,EMP009,Pune,Fashion,T-Shirt,6,18099.36,0.0,18099.36,15770.83,2328.53,Delayed,51,2025-06-11 03:00:00,Jun,6,Q2
ORD00154,2025-11-23,CUST0240,EMP002,Delhi,Electronics,Wireless Mouse,2,5787.12,0.2,4629.7,2558.86,2070.84,Completed,17,2025-11-23 17:00:00,Nov,11,Q4
ORD00155,2025-07-06,CUST0257,EMP005,Chennai,Office Supplies,Pen Set,7,36251.88,0.1,32626.69,27622.05,5004.64,Completed,39,2025-07-07 15:00:00,Jul,7,Q3
ORD00156,2025-08-31,CUST0201,EMP006,Delhi,Home & Kitchen,Mixer Grinder,2,5682.82,0.05,5398.68,4628.13,770.55,Completed,9,2025-08-31 09:00:00,Aug,8,Q3
ORD00157,2025-03-27,CUST0106,EMP004,Hyderabad,Office Supplies,Pen Set,2,13274.12,0.1,11946.71,10359.43,1587.28,Completed,12,2025-03-27 12:00:00,Mar,3,Q1
ORD00158,2025-10-11,CUST0290,EMP004,Pune,Office Supplies,Calculator,1,741.11,0.1,667.0,369.73,297.27,Completed,24,2025-10-12 00:00:00,Oct,10,Q4
ORD00159,2025-03-07,CUST0101,EMP004,Chennai,Electronics,Keyboard,5,28321.2,0.0,28321.2,17181.38,11139.82,Completed,15,2025-03-07 15:00:00,Mar,3,Q1
ORD00160,2025-06-19,CUST0097,EMP002,Delhi,Electronics,Wireless Mouse,2,13813.56,0.15,11741.53,8990.99,2750.54,Completed,33,2025-06-20 09:00:00,Jun,6,Q2
ORD00161,2025-02-14,CUST0153,EMP004,Kolkata,Electronics,USB Hub,6,34608.84,0.05,32878.4,18359.5,14518.9,Delayed,75,2025-02-17 03:00:00,Feb,2,Q1
ORD00162,2025-03-03,CUST0029,EMP001,Chennai,Beauty,Face Wash,5,21509.3,0.2,17207.44,9825.29,7382.15,Completed,43,2025-03-04 19:00:00,Mar,3,Q1
ORD00163,2025-05-14,CUST0153,EMP006,Delhi,Office Supplies,Pen Set,1,8085.06,0.15,6872.3,4281.14,2591.16,Pending,21,2025-05-14 21:00:00,May,5,Q2
ORD00164,2025-10-11,CUST0073,EMP001,Hyderabad,Fashion,Backpack,5,13272.45,0.05,12608.83,9067.07,3541.76,Delayed,75,2025-10-14 03:00:00,Oct,10,Q4
ORD00165,2025-01-28,CUST0254,EMP010,Bengaluru,Home & Kitchen,Cookware Set,3,930.15,0.15,790.63,577.28,213.35,Completed,30,2025-01-29 06:00:00,Jan,1,Q1
ORD00166,2025-04-18,CUST0004,EMP006,Ahmedabad,Beauty,Face Wash,7,26299.77,0.05,24984.78,14024.11,10960.67,Cancelled,11,2025-04-18 11:00:00,Apr,4,Q2
ORD00167,2025-02-13,CUST0237,EMP001,Delhi,Fashion,Jeans,5,2128.25,0.0,2128.25,1290.19,838.06,Cancelled,14,2025-02-13 14:00:00,Feb,2,Q1
ORD00168,2025-12-06,CUST0038,EMP006,Bengaluru,Office Supplies,Calculator,2,16230.74,0.25,12173.06,8702.56,3470.5,Completed,9,2025-12-06 09:00:00,Dec,12,Q4
ORD00169,2025-10-13,CUST0020,EMP010,Pune,Electronics,Wireless Mouse,1,1902.82,0.1,1712.54,1277.56,434.98,Cancelled,3,2025-10-13 03:00:00,Oct,10,Q4
ORD00170,2025-11-27,CUST0113,EMP008,Hyderabad,Office Supplies,Notebook,7,47162.78,0.1,42446.5,25424.29,17022.21,Delayed,71,2025-11-29 23:00:00,Nov,11,Q4
ORD00171,2025-05-08,CUST0023,EMP002,Kolkata,Home & Kitchen,Cookware Set,2,13235.36,0.05,12573.59,8570.38,4003.21,Completed,11,2025-05-08 11:00:00,May,5,Q2
ORD00172,2025-12-14,CUST0136,EMP002,Pune,Beauty,Shampoo,7,13776.28,0.05,13087.47,11104.1,1983.37,Delayed,55,2025-12-16 07:00:00,Dec,12,Q4
ORD00173,2025-08-19,CUST0248,EMP004,Kolkata,Beauty,Moisturizer,6,32023.44,0.25,24017.58,21126.75,2890.83,Completed,18,2025-08-19 18:00:00,Aug,8,Q3
ORD00174,2025-07-09,CUST0097,EMP003,Bengaluru,Home & Kitchen,Table Lamp,3,1654.38,0.0,1654.38,1448.87,205.51,Completed,39,2025-07-10 15:00:00,Jul,7,Q3
ORD00175,2025-08-13,CUST0033,EMP004,Hyderabad,Fashion,Jeans,6,25127.1,0.05,23870.74,20074.16,3796.58,Completed,44,2025-08-14 20:00:00,Aug,8,Q3
ORD00176,2025-10-10,CUST0135,EMP007,Mumbai,Fashion,Jacket,2,544.6,0.1,490.14,333.41,156.73,Completed,10,2025-10-10 10:00:00,Oct,10,Q4
ORD00177,2025-05-01,CUST0255,EMP001,Hyderabad,Beauty,Face Wash,2,15683.1,0.1,14114.79,10961.12,3153.67,Completed,35,2025-05-02 11:00:00,May,5,Q2
ORD00178,2025-04-26,CUST0278,EMP006,Hyderabad,Beauty,Perfume,2,16600.64,0.1,14940.58,10271.28,4669.3,Cancelled,20,2025-04-26 20:00:00,Apr,4,Q2
ORD00179,2025-08-21,CUST0133,EMP003,Kolkata,Electronics,Power Bank,4,8024.24,0.0,8024.24,6130.63,1893.61,Completed,18,2025-08-21 18:00:00,Aug,8,Q3
ORD00180,2025-09-16,CUST0238,EMP010,Mumbai,Fashion,Backpack,3,5663.07,0.0,5663.07,3692.96,1970.11,Pending,14,2025-09-16 14:00:00,Sep,9,Q3
ORD00181,2025-12-25,CUST0015,EMP007,Chennai,Home & Kitchen,Cookware Set,7,45104.92,0.05,42849.67,32139.26,10710.41,Completed,22,2025-12-25 22:00:00,Dec,12,Q4
ORD00182,2025-07-17,CUST0277,EMP010,Chennai,Fashion,T-Shirt,2,4531.44,0.2,3625.15,2620.4,1004.75,Cancelled,5,2025-07-17 05:00:00,Jul,7,Q3
ORD00183,2025-05-17,CUST0126,EMP002,Chennai,Electronics,Headphones,2,15247.78,0.0,15247.78,8509.46,6738.32,Delayed,91,2025-05-20 19:00:00,May,5,Q2
ORD00184,2025-11-14,CUST0017,EMP002,Bengaluru,Beauty,Shampoo,7,34596.17,0.15,29406.74,23846.87,5559.87,Delayed,84,2025-11-17 12:00:00,Nov,11,Q4
ORD00185,2025-06-14,CUST0050,EMP004,Hyderabad,Beauty,Perfume,6,18473.94,0.15,15702.85,8698.22,7004.63,Completed,31,2025-06-15 07:00:00,Jun,6,Q2
ORD00186,2025-08-13,CUST0135,EMP001,Delhi,Electronics,Headphones,6,42617.94,0.15,36225.25,23428.37,12796.88,Completed,20,2025-08-13 20:00:00,Aug,8,Q3
ORD00187,2025-11-03,CUST0118,EMP003,Mumbai,Home & Kitchen,Mixer Grinder,2,8539.9,0.2,6831.92,3770.91,3061.01,Cancelled,23,2025-11-03 23:00:00,Nov,11,Q4
ORD00188,2025-08-22,CUST0060,EMP009,Delhi,Beauty,Hair Dryer,1,7762.13,0.05,7374.02,4971.17,2402.85,Completed,22,2025-08-22 22:00:00,Aug,8,Q3
ORD00189,2025-06-21,CUST0125,EMP007,Bengaluru,Office Supplies,Calculator,4,31595.68,0.05,30015.9,17134.37,12881.53,Delayed,95,2025-06-24 23:00:00,Jun,6,Q2
ORD00190,2025-06-01,CUST0116,EMP007,Mumbai,Beauty,Face Wash,6,9187.56,0.1,8268.8,7040.54,1228.26,Completed,14,2025-06-01 14:00:00,Jun,6,Q2
ORD00191,2025-11-11,CUST0173,EMP004,Delhi,Office Supplies,Notebook,1,169.4,0.05,160.93,110.59,50.34,Completed,18,2025-11-11 18:00:00,Nov,11,Q4
ORD00192,2025-06-09,CUST0187,EMP002,Ahmedabad,Electronics,USB Hub,4,33463.28,0.15,28443.79,19957.12,8486.67,Cancelled,3,2025-06-09 03:00:00,Jun,6,Q2
ORD00193,2025-04-06,CUST0088,EMP004,Kolkata,Electronics,Headphones,2,15432.5,0.1,13889.25,9242.61,4646.64,Completed,46,2025-04-07 22:00:00,Apr,4,Q2
ORD00194,2025-08-21,CUST0203,EMP006,Bengaluru,Beauty,Hair Dryer,3,1838.91,0.2,1471.13,1113.76,357.37,Pending,1,2025-08-21 01:00:00,Aug,8,Q3
ORD00195,2025-06-29,CUST0182,EMP003,Bengaluru,Fashion,T-Shirt,5,35529.2,0.0,35529.2,28737.96,6791.24,Completed,6,2025-06-29 06:00:00,Jun,6,Q2
ORD00196,2025-04-23,CUST0168,EMP001,Ahmedabad,Office Supplies,Desk Organizer,5,19863.35,0.2,15890.68,12138.71,3751.97,Completed,6,2025-04-23 06:00:00,Apr,4,Q2
ORD00197,2025-11-14,CUST0181,EMP008,Bengaluru,Home & Kitchen,Water Bottle,2,4624.66,0.05,4393.43,3501.16,892.27,Completed,21,2025-11-14 21:00:00,Nov,11,Q4
ORD00198,2025-02-21,CUST0300,EMP005,Mumbai,Beauty,Perfume,6,44925.18,0.1,40432.66,34326.17,6106.49,Completed,28,2025-02-22 04:00:00,Feb,2,Q1
ORD00199,2025-09-25,CUST0130,EMP005,Delhi,Home & Kitchen,Cookware Set,1,1792.17,0.05,1702.56,1421.59,280.97,Delayed,81,2025-09-28 09:00:00,Sep,9,Q3
ORD00200,2025-10-22,CUST0149,EMP004,Delhi,Beauty,Face Wash,3,24179.85,0.15,20552.87,15875.84,4677.03,Cancelled,6,2025-10-22 06:00:00,Oct,10,Q4
ORD00201,2025-04-23,CUST0209,EMP006,Pune,Fashion,Jacket,7,13068.58,0.05,12415.15,7707.7,4707.45,Completed,32,2025-04-24 08:00:00,Apr,4,Q2
ORD00202,2025-04-11,CUST0111,EMP003,Bengaluru,Fashion,Backpack,4,21097.0,0.2,16877.6,12834.43,4043.17,Delayed,75,2025-04-14 03:00:00,Apr,4,Q2
ORD00203,2025-04-23,CUST0137,EMP009,Chennai,Fashion,Sneakers,2,4025.54,0.2,3220.43,2309.07,911.36,Delayed,86,2025-04-26 14:00:00,Apr,4,Q2
ORD00204,2025-03-22,CUST0211,EMP005,Hyderabad,Fashion,Jacket,3,14118.99,0.2,11295.19,8885.73,2409.46,Pending,13,2025-03-22 13:00:00,Mar,3,Q1
ORD00205,2025-07-06,CUST0146,EMP003,Kolkata,Electronics,Headphones,3,17583.57,0.0,17583.57,14504.11,3079.46,Cancelled,15,2025-07-06 15:00:00,Jul,7,Q3
ORD00206,2025-04-23,CUST0084,EMP001,Kolkata,Electronics,Power Bank,6,10430.4,0.2,8344.32,6634.55,1709.77,Completed,24,2025-04-24 00:00:00,Apr,4,Q2
ORD00207,2025-01-02,CUST0030,EMP010,Pune,Office Supplies,File Folder,4,17997.6,0.15,15297.96,12687.6,2610.36,Cancelled,2,2025-01-02 02:00:00,Jan,1,Q1
ORD00208,2025-05-10,CUST0065,EMP006,Pune,Home & Kitchen,Table Lamp,3,12199.95,0.0,12199.95,6967.1,5232.85,Cancelled,17,2025-05-10 17:00:00,May,5,Q2
ORD00209,2025-08-08,CUST0024,EMP002,Mumbai,Beauty,Shampoo,6,4458.96,0.0,4458.96,2498.96,1960.0,Completed,13,2025-08-08 13:00:00,Aug,8,Q3
ORD00210,2025-02-23,CUST0211,EMP003,Pune,Beauty,Hair Dryer,1,6982.87,0.0,6982.87,4436.25,2546.62,Completed,16,2025-02-23 16:00:00,Feb,2,Q1
ORD00211,2025-12-09,CUST0222,EMP001,Delhi,Electronics,Wireless Mouse,6,17717.7,0.0,17717.7,15010.79,2706.91,Delayed,57,2025-12-11 09:00:00,Dec,12,Q4
ORD00212,2025-08-12,CUST0090,EMP009,Mumbai,Beauty,Moisturizer,1,4947.76,0.1,4452.98,3659.49,793.49,Completed,26,2025-08-13 02:00:00,Aug,8,Q3
ORD00213,2025-08-13,CUST0106,EMP008,Mumbai,Electronics,Keyboard,1,4448.45,0.25,3336.34,2586.66,749.68,Completed,34,2025-08-14 10:00:00,Aug,8,Q3
ORD00214,2025-05-06,CUST0172,EMP002,Kolkata,Office Supplies,File Folder,7,31050.11,0.05,29497.6,23045.01,6452.59,Delayed,60,2025-05-08 12:00:00,May,5,Q2
ORD00215,2025-05-10,CUST0230,EMP008,Kolkata,Home & Kitchen,Storage Box,7,7317.17,0.1,6585.45,5201.2,1384.25,Completed,6,2025-05-10 06:00:00,May,5,Q2
ORD00216,2025-02-22,CUST0077,EMP009,Chennai,Office Supplies,Desk Organizer,3,11058.21,0.25,8293.66,7141.33,1152.33,Completed,24,2025-02-23 00:00:00,Feb,2,Q1
ORD00217,2025-06-21,CUST0068,EMP001,Bengaluru,Fashion,T-Shirt,6,23563.56,0.05,22385.38,18459.5,3925.88,Completed,5,2025-06-21 05:00:00,Jun,6,Q2
ORD00218,2025-08-06,CUST0092,EMP005,Ahmedabad,Fashion,Backpack,7,43931.44,0.2,35145.15,26559.85,8585.3,Completed,7,2025-08-06 07:00:00,Aug,8,Q3
ORD00219,2025-06-09,CUST0088,EMP008,Ahmedabad,Fashion,Jacket,1,7164.16,0.1,6447.74,4962.74,1485.0,Completed,4,2025-06-09 04:00:00,Jun,6,Q2
ORD00220,2025-07-17,CUST0050,EMP002,Pune,Office Supplies,Calculator,7,32904.2,0.1,29613.78,18376.37,11237.41,Completed,18,2025-07-17 18:00:00,Jul,7,Q3
ORD00221,2025-09-04,CUST0103,EMP004,Bengaluru,Beauty,Perfume,4,3498.56,0.05,3323.63,2548.94,774.69,Cancelled,8,2025-09-04 08:00:00,Sep,9,Q3
ORD00222,2025-11-20,CUST0046,EMP007,Bengaluru,Home & Kitchen,Mixer Grinder,3,6383.07,0.1,5744.76,3964.71,1780.05,Completed,9,2025-11-20 09:00:00,Nov,11,Q4
ORD00223,2025-07-22,CUST0179,EMP003,Bengaluru,Fashion,T-Shirt,6,9163.2,0.0,9163.2,5502.29,3660.91,Cancelled,7,2025-07-22 07:00:00,Jul,7,Q3
ORD00224,2025-07-03,CUST0267,EMP005,Mumbai,Fashion,Jacket,6,7143.24,0.15,6071.75,4955.23,1116.52,Delayed,87,2025-07-06 15:00:00,Jul,7,Q3
ORD00225,2025-05-03,CUST0268,EMP008,Bengaluru,Fashion,Jeans,5,16026.3,0.05,15224.98,10937.34,4287.64,Delayed,57,2025-05-05 09:00:00,May,5,Q2
ORD00226,2025-09-12,CUST0008,EMP010,Pune,Home & Kitchen,Cookware Set,6,12392.64,0.2,9914.11,8650.56,1263.55,Completed,4,2025-09-12 04:00:00,Sep,9,Q3
ORD00227,2025-10-21,CUST0265,EMP003,Mumbai,Fashion,Sneakers,3,5918.49,0.05,5622.57,3615.05,2007.52,Pending,12,2025-10-21 12:00:00,Oct,10,Q4
ORD00228,2025-10-07,CUST0078,EMP004,Pune,Home & Kitchen,Table Lamp,4,2426.76,0.0,2426.76,1719.65,707.11,Cancelled,3,2025-10-07 03:00:00,Oct,10,Q4
ORD00229,2025-11-21,CUST0240,EMP009,Mumbai,Fashion,Jacket,6,1785.24,0.1,1606.72,1121.23,485.49,Delayed,72,2025-11-24 00:00:00,Nov,11,Q4
ORD00230,2025-04-08,CUST0258,EMP007,Ahmedabad,Office Supplies,Pen Set,5,5040.55,0.0,5040.55,2973.2,2067.35,Pending,1,2025-04-08 01:00:00,Apr,4,Q2
ORD00231,2025-07-17,CUST0196,EMP001,Hyderabad,Office Supplies,Pen Set,3,4763.55,0.15,4049.02,2796.33,1252.69,Completed,47,2025-07-18 23:00:00,Jul,7,Q3
ORD00232,2025-08-28,CUST0131,EMP004,Hyderabad,Home & Kitchen,Mixer Grinder,1,3748.71,0.25,2811.53,1813.14,998.39,Pending,21,2025-08-28 21:00:00,Aug,8,Q3
ORD00233,2025-05-24,CUST0261,EMP004,Ahmedabad,Office Supplies,Desk Organizer,2,8825.68,0.15,7501.83,4522.9,2978.93,Pending,20,2025-05-24 20:00:00,May,5,Q2
ORD00234,2025-04-07,CUST0242,EMP009,Hyderabad,Home & Kitchen,Cookware Set,2,2647.88,0.0,2647.88,1702.88,945.0,Completed,16,2025-04-07 16:00:00,Apr,4,Q2
ORD00235,2025-07-20,CUST0171,EMP006,Hyderabad,Office Supplies,Calculator,1,3696.94,0.1,3327.25,2086.1,1241.15,Cancelled,16,2025-07-20 16:00:00,Jul,7,Q3
ORD00236,2025-05-04,CUST0147,EMP009,Ahmedabad,Office Supplies,Notebook,7,21025.2,0.1,18922.68,14991.38,3931.3,Completed,17,2025-05-04 17:00:00,May,5,Q2
ORD00237,2025-07-06,CUST0270,EMP006,Mumbai,Home & Kitchen,Cookware Set,6,10089.54,0.15,8576.11,4803.96,3772.15,Completed,25,2025-07-07 01:00:00,Jul,7,Q3
ORD00238,2025-11-22,CUST0149,EMP006,Bengaluru,Beauty,Face Wash,2,414.24,0.0,414.24,312.24,102.0,Completed,33,2025-11-23 09:00:00,Nov,11,Q4
ORD00239,2025-12-15,CUST0299,EMP005,Ahmedabad,Office Supplies,Notebook,7,28347.2,0.1,25512.48,20435.96,5076.52,Completed,47,2025-12-16 23:00:00,Dec,12,Q4
ORD00240,2025-09-16,CUST0028,EMP005,Chennai,Fashion,Jacket,2,11750.38,0.1,10575.34,7494.1,3081.24,Completed,23,2025-09-16 23:00:00,Sep,9,Q3
ORD00241,2025-05-28,CUST0149,EMP002,Kolkata,Beauty,Face Wash,1,2039.42,0.0,2039.42,1748.63,290.79,Completed,47,2025-05-29 23:00:00,May,5,Q2
ORD00242,2025-09-09,CUST0280,EMP008,Delhi,Home & Kitchen,Water Bottle,6,7503.54,0.05,7128.36,5585.79,1542.57,Pending,12,2025-09-09 12:00:00,Sep,9,Q3
ORD00243,2025-12-12,CUST0182,EMP008,Chennai,Beauty,Shampoo,6,45340.86,0.05,43073.82,34321.86,8751.96,Completed,41,2025-12-13 17:00:00,Dec,12,Q4
ORD00244,2025-05-27,CUST0166,EMP001,Hyderabad,Electronics,Headphones,7,17125.22,0.15,14556.44,8952.04,5604.4,Delayed,69,2025-05-29 21:00:00,May,5,Q2
ORD00245,2025-05-28,CUST0017,EMP008,Bengaluru,Electronics,USB Hub,1,2017.17,0.2,1613.74,1301.49,312.25,Delayed,58,2025-05-30 10:00:00,May,5,Q2
ORD00246,2025-12-18,CUST0150,EMP005,Pune,Office Supplies,File Folder,7,51147.32,0.1,46032.59,37958.07,8074.52,Pending,13,2025-12-18 13:00:00,Dec,12,Q4
ORD00247,2025-07-18,CUST0045,EMP002,Bengaluru,Office Supplies,Pen Set,6,41837.04,0.05,39745.19,26598.19,13147.0,Cancelled,2,2025-07-18 02:00:00,Jul,7,Q3
ORD00248,2025-11-04,CUST0189,EMP002,Pune,Fashion,Backpack,6,23362.14,0.05,22194.03,13769.39,8424.64,Completed,44,2025-11-05 20:00:00,Nov,11,Q4
ORD00249,2025-05-08,CUST0139,EMP006,Chennai,Beauty,Hair Dryer,3,12705.42,0.25,9529.06,6451.81,3077.25,Completed,47,2025-05-09 23:00:00,May,5,Q2
ORD00250,2025-02-08,CUST0061,EMP009,Bengaluru,Electronics,USB Hub,7,13777.4,0.25,10333.05,8205.17,2127.88,Pending,0,2025-02-08 00:00:00,Feb,2,Q1
ORD00251,2025-12-04,CUST0294,EMP001,Bengaluru,Office Supplies,Notebook,3,2411.46,0.2,1929.17,1326.92,602.25,Completed,4,2025-12-04 04:00:00,Dec,12,Q4
ORD00252,2025-12-26,CUST0033,EMP006,Delhi,Beauty,Perfume,1,4938.16,0.15,4197.44,3328.97,868.47,Cancelled,9,2025-12-26 09:00:00,Dec,12,Q4
ORD00253,2025-05-09,CUST0299,EMP009,Ahmedabad,Office Supplies,Notebook,4,3884.72,0.05,3690.48,2168.07,1522.41,Completed,35,2025-05-10 11:00:00,May,5,Q2
ORD00254,2025-09-24,CUST0112,EMP008,Chennai,Office Supplies,Calculator,2,7802.88,0.15,6632.45,5411.97,1220.48,Completed,11,2025-09-24 11:00:00,Sep,9,Q3
ORD00255,2025-05-31,CUST0291,EMP006,Bengaluru,Electronics,Keyboard,3,24009.45,0.05,22808.98,14450.82,8358.16,Completed,36,2025-06-01 12:00:00,May,5,Q2
ORD00256,2025-10-25,CUST0037,EMP003,Pune,Electronics,Keyboard,2,16212.34,0.05,15401.72,9736.14,5665.58,Completed,21,2025-10-25 21:00:00,Oct,10,Q4
ORD00257,2025-04-09,CUST0100,EMP008,Kolkata,Office Supplies,Notebook,5,10742.1,0.15,9130.78,6800.84,2329.94,Completed,48,2025-04-11 00:00:00,Apr,4,Q2
ORD00258,2025-09-20,CUST0023,EMP009,Bengaluru,Home & Kitchen,Table Lamp,1,5361.35,0.0,5361.35,3072.8,2288.55,Completed,32,2025-09-21 08:00:00,Sep,9,Q3
ORD00259,2025-09-09,CUST0218,EMP001,Pune,Office Supplies,Pen Set,4,16434.16,0.0,16434.16,9181.41,7252.75,Pending,7,2025-09-09 07:00:00,Sep,9,Q3
ORD00260,2025-05-24,CUST0089,EMP009,Hyderabad,Office Supplies,Calculator,5,37309.85,0.05,35444.36,22547.56,12896.8,Delayed,84,2025-05-27 12:00:00,May,5,Q2
ORD00261,2025-12-12,CUST0209,EMP006,Bengaluru,Fashion,Jeans,5,12082.25,0.05,11478.14,8351.06,3127.08,Completed,8,2025-12-12 08:00:00,Dec,12,Q4
ORD00262,2025-04-22,CUST0271,EMP006,Pune,Fashion,Jacket,6,1085.52,0.2,868.42,737.73,130.69,Completed,21,2025-04-22 21:00:00,Apr,4,Q2
ORD00263,2025-03-01,CUST0237,EMP004,Kolkata,Fashion,Backpack,5,7536.95,0.0,7536.95,6250.57,1286.38,Completed,13,2025-03-01 13:00:00,Mar,3,Q1
ORD00264,2025-01-02,CUST0209,EMP001,Chennai,Home & Kitchen,Table Lamp,1,3068.52,0.0,3068.52,2184.32,884.2,Cancelled,9,2025-01-02 09:00:00,Jan,1,Q1
ORD00265,2025-10-31,CUST0278,EMP010,Hyderabad,Home & Kitchen,Table Lamp,3,8358.81,0.0,8358.81,4699.55,3659.26,Completed,36,2025-11-01 12:00:00,Oct,10,Q4
ORD00266,2025-09-11,CUST0206,EMP008,Bengaluru,Office Supplies,Notebook,1,6757.88,0.0,6757.88,4910.5,1847.38,Delayed,66,2025-09-13 18:00:00,Sep,9,Q3
ORD00267,2025-05-20,CUST0078,EMP002,Delhi,Fashion,Backpack,3,17498.04,0.0,17498.04,13693.66,3804.38,Completed,43,2025-05-21 19:00:00,May,5,Q2
ORD00268,2025-02-06,CUST0098,EMP001,Pune,Home & Kitchen,Cookware Set,5,13256.5,0.1,11930.85,7897.32,4033.53,Completed,8,2025-02-06 08:00:00,Feb,2,Q1
ORD00269,2025-06-09,CUST0094,EMP002,Kolkata,Electronics,Wireless Mouse,5,19860.8,0.05,18867.76,11068.79,7798.97,Delayed,56,2025-06-11 08:00:00,Jun,6,Q2
ORD00270,2025-01-09,CUST0080,EMP001,Delhi,Office Supplies,Desk Organizer,4,3791.68,0.15,3222.93,2068.89,1154.04,Completed,27,2025-01-10 03:00:00,Jan,1,Q1
ORD00271,2025-08-21,CUST0038,EMP001,Bengaluru,Beauty,Shampoo,3,22948.56,0.25,17211.42,13848.73,3362.69,Completed,20,2025-08-21 20:00:00,Aug,8,Q3
ORD00272,2025-04-09,CUST0228,EMP009,Pune,Office Supplies,Desk Organizer,5,39804.0,0.1,35823.6,23855.31,11968.29,Cancelled,19,2025-04-09 19:00:00,Apr,4,Q2
ORD00273,2025-05-27,CUST0134,EMP001,Bengaluru,Beauty,Hair Dryer,6,49988.16,0.0,49988.16,40888.01,9100.15,Completed,10,2025-05-27 10:00:00,May,5,Q2
ORD00274,2025-10-31,CUST0196,EMP004,Hyderabad,Fashion,Sneakers,2,14804.84,0.0,14804.84,9703.72,5101.12,Completed,20,2025-10-31 20:00:00,Oct,10,Q4
ORD00275,2025-07-27,CUST0282,EMP010,Kolkata,Beauty,Face Wash,4,6410.28,0.2,5128.22,3097.31,2030.91,Completed,31,2025-07-28 07:00:00,Jul,7,Q3
ORD00276,2025-05-11,CUST0101,EMP006,Kolkata,Fashion,T-Shirt,1,535.74,0.1,482.17,334.54,147.63,Completed,41,2025-05-12 17:00:00,May,5,Q2
ORD00277,2025-06-01,CUST0075,EMP007,Hyderabad,Electronics,Power Bank,4,19958.52,0.15,16964.74,11862.6,5102.14,Completed,25,2025-06-02 01:00:00,Jun,6,Q2
ORD00278,2025-02-23,CUST0294,EMP002,Bengaluru,Beauty,Face Wash,2,15540.5,0.2,12432.4,6903.91,5528.49,Pending,11,2025-02-23 11:00:00,Feb,2,Q1
ORD00279,2025-04-30,CUST0208,EMP006,Bengaluru,Office Supplies,Notebook,3,4892.64,0.2,3914.11,2303.94,1610.17,Cancelled,22,2025-04-30 22:00:00,Apr,4,Q2
ORD00280,2025-06-10,CUST0083,EMP007,Mumbai,Fashion,Sneakers,1,208.81,0.2,167.05,102.07,64.98,Cancelled,20,2025-06-10 20:00:00,Jun,6,Q2
ORD00281,2025-04-26,CUST0143,EMP010,Bengaluru,Office Supplies,File Folder,1,6875.89,0.1,6188.3,3635.53,2552.77,Delayed,84,2025-04-29 12:00:00,Apr,4,Q2
ORD00282,2025-03-16,CUST0056,EMP010,Kolkata,Home & Kitchen,Storage Box,3,2373.72,0.05,2255.03,1494.42,760.61,Completed,24,2025-03-17 00:00:00,Mar,3,Q1
ORD00283,2025-04-23,CUST0287,EMP002,Bengaluru,Fashion,Jeans,7,25231.15,0.25,18923.36,16431.64,2491.72,Pending,1,2025-04-23 01:00:00,Apr,4,Q2
ORD00284,2025-04-14,CUST0211,EMP002,Delhi,Beauty,Face Wash,7,40730.97,0.1,36657.87,26321.94,10335.93,Delayed,55,2025-04-16 07:00:00,Apr,4,Q2
ORD00285,2025-12-06,CUST0179,EMP010,Delhi,Fashion,Sneakers,4,8509.04,0.0,8509.04,6442.14,2066.9,Completed,30,2025-12-07 06:00:00,Dec,12,Q4
ORD00286,2025-09-11,CUST0058,EMP007,Hyderabad,Office Supplies,Notebook,5,4255.45,0.1,3829.9,2556.87,1273.03,Delayed,93,2025-09-14 21:00:00,Sep,9,Q3
ORD00287,2025-08-15,CUST0073,EMP001,Delhi,Electronics,USB Hub,7,46057.76,0.1,41451.98,27223.63,14228.35,Completed,24,2025-08-16 00:00:00,Aug,8,Q3
ORD00288,2025-04-22,CUST0215,EMP008,Bengaluru,Fashion,T-Shirt,4,21647.84,0.2,17318.27,9657.33,7660.94,Completed,7,2025-04-22 07:00:00,Apr,4,Q2
ORD00289,2025-04-09,CUST0266,EMP003,Chennai,Beauty,Face Wash,7,58827.3,0.1,52944.57,37861.2,15083.37,Cancelled,22,2025-04-09 22:00:00,Apr,4,Q2
ORD00290,2025-06-02,CUST0073,EMP006,Ahmedabad,Home & Kitchen,Storage Box,2,6049.94,0.05,5747.44,4078.33,1669.11,Completed,22,2025-06-02 22:00:00,Jun,6,Q2
ORD00291,2025-12-15,CUST0271,EMP009,Bengaluru,Electronics,Power Bank,6,3994.32,0.25,2995.74,1803.69,1192.05,Completed,5,2025-12-15 05:00:00,Dec,12,Q4
ORD00292,2025-12-04,CUST0234,EMP006,Ahmedabad,Home & Kitchen,Mixer Grinder,5,31409.1,0.15,26697.73,21417.64,5280.09,Delayed,94,2025-12-07 22:00:00,Dec,12,Q4
ORD00293,2025-07-13,CUST0019,EMP009,Kolkata,Fashion,Backpack,4,18025.88,0.1,16223.29,11560.43,4662.86,Completed,37,2025-07-14 13:00:00,Jul,7,Q3
ORD00294,2025-11-06,CUST0113,EMP007,Mumbai,Office Supplies,Pen Set,6,11581.5,0.05,11002.42,7282.15,3720.27,Completed,17,2025-11-06 17:00:00,Nov,11,Q4
ORD00295,2025-06-12,CUST0063,EMP009,Pune,Office Supplies,File Folder,6,40064.64,0.05,38061.41,22778.99,15282.42,Completed,18,2025-06-12 18:00:00,Jun,6,Q2
ORD00296,2025-07-27,CUST0184,EMP002,Kolkata,Beauty,Moisturizer,7,12959.52,0.1,11663.57,8540.22,3123.35,Delayed,81,2025-07-30 09:00:00,Jul,7,Q3
ORD00297,2025-06-18,CUST0277,EMP008,Ahmedabad,Office Supplies,File Folder,3,6979.56,0.0,6979.56,5572.69,1406.87,Cancelled,0,2025-06-18 00:00:00,Jun,6,Q2
ORD00298,2025-06-10,CUST0162,EMP008,Hyderabad,Electronics,Wireless Mouse,2,1845.22,0.05,1752.96,1127.26,625.7,Delayed,87,2025-06-13 15:00:00,Jun,6,Q2
ORD00299,2025-03-09,CUST0243,EMP002,Delhi,Office Supplies,Notebook,2,6970.52,0.15,5924.94,3686.51,2238.43,Completed,22,2025-03-09 22:00:00,Mar,3,Q1
ORD00300,2025-10-16,CUST0145,EMP004,Chennai,Beauty,Shampoo,2,7296.12,0.1,6566.51,4742.59,1823.92,Completed,12,2025-10-16 12:00:00,Oct,10,Q4
ORD00301,2025-10-04,CUST0146,EMP007,Kolkata,Fashion,Jacket,5,22232.95,0.05,21121.3,12699.46,8421.84,Completed,10,2025-10-04 10:00:00,Oct,10,Q4
ORD00302,2025-10-31,CUST0081,EMP004,Pune,Fashion,Jacket,1,6069.85,0.0,6069.85,4673.68,1396.17,Delayed,91,2025-11-03 19:00:00,Oct,10,Q4
ORD00303,2025-05-15,CUST0043,EMP004,Chennai,Office Supplies,Calculator,5,38579.7,0.05,36650.71,27479.36,9171.35,Completed,16,2025-05-15 16:00:00,May,5,Q2
ORD00304,2025-07-14,CUST0293,EMP006,Hyderabad,Home & Kitchen,Water Bottle,4,5200.32,0.15,4420.27,2558.17,1862.1,Delayed,67,2025-07-16 19:00:00,Jul,7,Q3
ORD00305,2025-05-08,CUST0176,EMP010,Delhi,Fashion,Jacket,6,3622.86,0.05,3441.72,1934.42,1507.3,Completed,47,2025-05-09 23:00:00,May,5,Q2
ORD00306,2025-02-02,CUST0069,EMP006,Mumbai,Office Supplies,Calculator,6,1828.44,0.0,1828.44,1379.91,448.53,Completed,38,2025-02-03 14:00:00,Feb,2,Q1
ORD00307,2025-06-25,CUST0056,EMP010,Ahmedabad,Beauty,Moisturizer,1,1349.24,0.1,1214.32,785.81,428.51,Pending,16,2025-06-25 16:00:00,Jun,6,Q2
ORD00308,2025-01-22,CUST0119,EMP003,Kolkata,Office Supplies,Notebook,4,22575.52,0.25,16931.64,9795.41,7136.23,Completed,18,2025-01-22 18:00:00,Jan,1,Q1
ORD00309,2025-08-26,CUST0204,EMP009,Kolkata,Fashion,T-Shirt,1,6224.43,0.1,5601.99,4485.02,1116.97,Pending,14,2025-08-26 14:00:00,Aug,8,Q3
ORD00310,2025-06-07,CUST0055,EMP010,Kolkata,Beauty,Moisturizer,6,40303.92,0.0,40303.92,26344.03,13959.89,Completed,48,2025-06-09 00:00:00,Jun,6,Q2
ORD00311,2025-02-07,CUST0038,EMP002,Ahmedabad,Office Supplies,File Folder,7,15294.72,0.05,14529.98,10195.22,4334.76,Completed,26,2025-02-08 02:00:00,Feb,2,Q1
ORD00312,2025-08-18,CUST0243,EMP006,Hyderabad,Electronics,Headphones,5,13521.1,0.2,10816.88,6794.6,4022.28,Completed,39,2025-08-19 15:00:00,Aug,8,Q3
ORD00313,2025-12-31,CUST0201,EMP007,Chennai,Beauty,Face Wash,2,8368.34,0.05,7949.92,6018.21,1931.71,Completed,43,2026-01-01 19:00:00,Dec,12,Q4
ORD00314,2025-02-20,CUST0236,EMP009,Chennai,Electronics,USB Hub,6,4065.48,0.1,3658.93,2376.44,1282.49,Pending,16,2025-02-20 16:00:00,Feb,2,Q1
ORD00315,2025-09-21,CUST0015,EMP003,Hyderabad,Home & Kitchen,Storage Box,3,15759.09,0.05,14971.14,13016.61,1954.53,Completed,37,2025-09-22 13:00:00,Sep,9,Q3
ORD00316,2025-10-10,CUST0144,EMP010,Kolkata,Beauty,Shampoo,2,16728.38,0.05,15891.96,12427.08,3464.88,Completed,22,2025-10-10 22:00:00,Oct,10,Q4
ORD00317,2025-01-27,CUST0077,EMP003,Bengaluru,Electronics,Headphones,6,18976.38,0.15,16129.92,9599.21,6530.71,Pending,21,2025-01-27 21:00:00,Jan,1,Q1
ORD00318,2025-08-14,CUST0263,EMP007,Hyderabad,Fashion,Sneakers,5,32181.4,0.15,27354.19,18806.26,8547.93,Pending,17,2025-08-14 17:00:00,Aug,8,Q3
ORD00319,2025-10-04,CUST0185,EMP004,Delhi,Fashion,Backpack,1,4325.28,0.1,3892.75,2636.13,1256.62,Pending,9,2025-10-04 09:00:00,Oct,10,Q4
ORD00320,2025-10-13,CUST0055,EMP008,Delhi,Home & Kitchen,Mixer Grinder,7,8520.61,0.05,8094.58,5879.11,2215.47,Completed,48,2025-10-15 00:00:00,Oct,10,Q4
ORD00321,2025-04-07,CUST0004,EMP007,Mumbai,Beauty,Moisturizer,7,35081.76,0.0,35081.76,29041.98,6039.78,Completed,10,2025-04-07 10:00:00,Apr,4,Q2
ORD00322,2025-10-11,CUST0299,EMP005,Hyderabad,Beauty,Perfume,2,5307.9,0.1,4777.11,3547.14,1229.97,Delayed,53,2025-10-13 05:00:00,Oct,10,Q4
ORD00323,2025-11-13,CUST0040,EMP007,Pune,Beauty,Shampoo,5,2186.35,0.1,1967.72,1122.22,845.5,Completed,15,2025-11-13 15:00:00,Nov,11,Q4
ORD00324,2025-10-31,CUST0230,EMP003,Ahmedabad,Home & Kitchen,Table Lamp,7,38161.62,0.0,38161.62,29242.76,8918.86,Completed,17,2025-10-31 17:00:00,Oct,10,Q4
ORD00325,2025-05-27,CUST0286,EMP002,Ahmedabad,Beauty,Moisturizer,7,51254.63,0.0,51254.63,28329.85,22924.78,Completed,18,2025-05-27 18:00:00,May,5,Q2
ORD00326,2025-01-04,CUST0138,EMP006,Delhi,Fashion,Sneakers,4,12115.32,0.0,12115.32,9781.75,2333.57,Completed,6,2025-01-04 06:00:00,Jan,1,Q1
ORD00327,2025-02-04,CUST0103,EMP002,Delhi,Electronics,Power Bank,3,10226.91,0.25,7670.18,5905.96,1764.22,Completed,18,2025-02-04 18:00:00,Feb,2,Q1
ORD00328,2025-07-11,CUST0007,EMP003,Delhi,Fashion,Jeans,2,15180.06,0.15,12903.05,8411.49,4491.56,Completed,27,2025-07-12 03:00:00,Jul,7,Q3
ORD00329,2025-02-18,CUST0164,EMP006,Bengaluru,Fashion,T-Shirt,1,6943.63,0.2,5554.9,3591.28,1963.62,Completed,11,2025-02-18 11:00:00,Feb,2,Q1
ORD00330,2025-01-17,CUST0276,EMP005,Pune,Electronics,Headphones,7,42839.02,0.0,42839.02,34846.55,7992.47,Completed,8,2025-01-17 08:00:00,Jan,1,Q1
ORD00331,2025-06-21,CUST0049,EMP008,Kolkata,Fashion,Sneakers,4,8909.84,0.25,6682.38,5402.71,1279.67,Pending,6,2025-06-21 06:00:00,Jun,6,Q2
ORD00332,2025-08-08,CUST0096,EMP009,Kolkata,Home & Kitchen,Water Bottle,5,38751.55,0.0,38751.55,25818.6,12932.95,Completed,17,2025-08-08 17:00:00,Aug,8,Q3
ORD00333,2025-06-07,CUST0059,EMP003,Hyderabad,Electronics,USB Hub,7,10075.59,0.1,9068.03,5882.0,3186.03,Completed,19,2025-06-07 19:00:00,Jun,6,Q2
ORD00334,2025-02-15,CUST0231,EMP010,Bengaluru,Fashion,Sneakers,3,16150.59,0.15,13728.0,10086.54,3641.46,Completed,23,2025-02-15 23:00:00,Feb,2,Q1
ORD00335,2025-01-06,CUST0177,EMP003,Delhi,Office Supplies,Pen Set,1,390.49,0.05,370.97,205.06,165.91,Delayed,57,2025-01-08 09:00:00,Jan,1,Q1
ORD00336,2025-04-09,CUST0090,EMP003,Kolkata,Fashion,T-Shirt,5,27625.3,0.05,26244.04,15150.16,11093.88,Delayed,80,2025-04-12 08:00:00,Apr,4,Q2
ORD00337,2025-08-21,CUST0282,EMP006,Pune,Home & Kitchen,Mixer Grinder,5,12320.8,0.0,12320.8,7289.43,5031.37,Pending,1,2025-08-21 01:00:00,Aug,8,Q3
ORD00338,2025-02-06,CUST0036,EMP001,Kolkata,Beauty,Perfume,2,7809.6,0.0,7809.6,4773.12,3036.48,Pending,9,2025-02-06 09:00:00,Feb,2,Q1
ORD00339,2025-10-07,CUST0171,EMP007,Ahmedabad,Fashion,Sneakers,7,21230.72,0.1,19107.65,13737.75,5369.9,Completed,38,2025-10-08 14:00:00,Oct,10,Q4
ORD00340,2025-12-15,CUST0126,EMP001,Pune,Beauty,Moisturizer,2,3185.04,0.1,2866.54,2515.22,351.32,Delayed,55,2025-12-17 07:00:00,Dec,12,Q4
ORD00341,2025-10-29,CUST0299,EMP005,Bengaluru,Office Supplies,Pen Set,1,5343.54,0.15,4542.01,3476.28,1065.73,Completed,32,2025-10-30 08:00:00,Oct,10,Q4
ORD00342,2025-06-30,CUST0204,EMP010,Kolkata,Fashion,Sneakers,7,52601.5,0.1,47341.35,26995.39,20345.96,Cancelled,10,2025-06-30 10:00:00,Jun,6,Q2
ORD00343,2025-04-05,CUST0289,EMP008,Delhi,Electronics,Headphones,6,48950.1,0.1,44055.09,31871.27,12183.82,Delayed,87,2025-04-08 15:00:00,Apr,4,Q2
ORD00344,2025-04-09,CUST0097,EMP004,Bengaluru,Beauty,Moisturizer,7,12292.63,0.0,12292.63,8775.62,3517.01,Delayed,75,2025-04-12 03:00:00,Apr,4,Q2
ORD00345,2025-07-07,CUST0238,EMP005,Ahmedabad,Office Supplies,Desk Organizer,6,36840.36,0.0,36840.36,22014.89,14825.47,Completed,31,2025-07-08 07:00:00,Jul,7,Q3
ORD00346,2025-04-26,CUST0173,EMP004,Chennai,Electronics,Wireless Mouse,5,28486.15,0.25,21364.61,18238.75,3125.86,Cancelled,24,2025-04-27 00:00:00,Apr,4,Q2
ORD00347,2025-07-10,CUST0088,EMP004,Delhi,Electronics,Keyboard,2,6034.4,0.0,6034.4,4196.64,1837.76,Pending,23,2025-07-10 23:00:00,Jul,7,Q3
ORD00348,2025-09-10,CUST0017,EMP008,Bengaluru,Electronics,Keyboard,3,928.44,0.1,835.6,733.83,101.77,Cancelled,21,2025-09-10 21:00:00,Sep,9,Q3
ORD00349,2025-06-10,CUST0140,EMP002,Hyderabad,Electronics,Wireless Mouse,7,41368.32,0.0,41368.32,28487.21,12881.11,Delayed,50,2025-06-12 02:00:00,Jun,6,Q2
ORD00350,2025-09-13,CUST0254,EMP001,Kolkata,Fashion,Sneakers,3,24134.64,0.15,20514.44,15398.67,5115.77,Pending,2,2025-09-13 02:00:00,Sep,9,Q3
ORD00351,2025-11-19,CUST0278,EMP003,Delhi,Fashion,Jeans,7,37997.4,0.15,32297.79,18880.37,13417.42,Cancelled,18,2025-11-19 18:00:00,Nov,11,Q4
ORD00352,2025-05-08,CUST0151,EMP009,Mumbai,Fashion,Sneakers,5,18923.45,0.05,17977.28,12582.21,5395.07,Pending,22,2025-05-08 22:00:00,May,5,Q2
ORD00353,2025-01-18,CUST0140,EMP004,Delhi,Office Supplies,Desk Organizer,2,9070.08,0.05,8616.58,5418.04,3198.54,Pending,12,2025-01-18 12:00:00,Jan,1,Q1
ORD00354,2025-10-08,CUST0114,EMP010,Chennai,Office Supplies,File Folder,1,1816.9,0.1,1635.21,1350.25,284.96,Completed,15,2025-10-08 15:00:00,Oct,10,Q4
ORD00355,2025-08-11,CUST0068,EMP005,Bengaluru,Office Supplies,Notebook,1,6417.04,0.05,6096.19,4929.95,1166.24,Completed,47,2025-08-12 23:00:00,Aug,8,Q3
ORD00356,2025-02-23,CUST0179,EMP002,Ahmedabad,Home & Kitchen,Cookware Set,1,6382.61,0.0,6382.61,5246.37,1136.24,Pending,13,2025-02-23 13:00:00,Feb,2,Q1
ORD00357,2025-02-27,CUST0125,EMP004,Mumbai,Office Supplies,Calculator,7,9555.49,0.15,8122.17,6406.7,1715.47,Completed,27,2025-02-28 03:00:00,Feb,2,Q1
ORD00358,2025-11-19,CUST0233,EMP002,Chennai,Fashion,T-Shirt,7,52367.84,0.0,52367.84,43192.23,9175.61,Delayed,62,2025-11-21 14:00:00,Nov,11,Q4
ORD00359,2025-12-26,CUST0147,EMP002,Hyderabad,Fashion,Jeans,3,7193.19,0.2,5754.55,3546.38,2208.17,Delayed,92,2025-12-29 20:00:00,Dec,12,Q4
ORD00360,2025-06-23,CUST0111,EMP004,Ahmedabad,Home & Kitchen,Storage Box,2,16703.68,0.1,15033.31,10510.91,4522.4,Completed,19,2025-06-23 19:00:00,Jun,6,Q2
ORD00361,2025-10-07,CUST0238,EMP006,Ahmedabad,Home & Kitchen,Water Bottle,7,23430.68,0.0,23430.68,18236.32,5194.36,Completed,35,2025-10-08 11:00:00,Oct,10,Q4
ORD00362,2025-04-24,CUST0003,EMP007,Delhi,Office Supplies,Pen Set,2,3270.66,0.1,2943.59,2238.13,705.46,Pending,12,2025-04-24 12:00:00,Apr,4,Q2
ORD00363,2025-10-15,CUST0211,EMP010,Kolkata,Beauty,Face Wash,3,9260.58,0.1,8334.52,6554.24,1780.28,Pending,4,2025-10-15 04:00:00,Oct,10,Q4
ORD00364,2025-12-08,CUST0025,EMP003,Mumbai,Home & Kitchen,Water Bottle,7,26778.57,0.05,25439.64,15874.47,9565.17,Pending,21,2025-12-08 21:00:00,Dec,12,Q4
ORD00365,2025-05-31,CUST0184,EMP003,Kolkata,Electronics,Power Bank,1,728.72,0.05,692.28,403.24,289.04,Cancelled,21,2025-05-31 21:00:00,May,5,Q2
ORD00366,2025-05-07,CUST0061,EMP010,Ahmedabad,Fashion,Jeans,1,4978.12,0.05,4729.21,4031.87,697.34,Pending,16,2025-05-07 16:00:00,May,5,Q2
ORD00367,2025-06-04,CUST0123,EMP006,Bengaluru,Electronics,Headphones,5,25701.15,0.05,24416.09,17942.33,6473.76,Pending,2,2025-06-04 02:00:00,Jun,6,Q2
ORD00368,2025-09-30,CUST0055,EMP003,Bengaluru,Fashion,Backpack,6,37920.42,0.0,37920.42,22781.17,15139.25,Completed,24,2025-10-01 00:00:00,Sep,9,Q3
ORD00369,2025-04-14,CUST0163,EMP002,Hyderabad,Fashion,Jacket,4,1574.28,0.05,1495.57,1214.15,281.42,Completed,46,2025-04-15 22:00:00,Apr,4,Q2
ORD00370,2025-10-26,CUST0187,EMP008,Chennai,Home & Kitchen,Storage Box,6,28016.04,0.05,26615.24,22674.24,3941.0,Completed,9,2025-10-26 09:00:00,Oct,10,Q4
ORD00371,2025-09-03,CUST0039,EMP005,Mumbai,Home & Kitchen,Water Bottle,7,4142.46,0.1,3728.21,2259.13,1469.08,Completed,12,2025-09-03 12:00:00,Sep,9,Q3
ORD00372,2025-06-25,CUST0185,EMP001,Hyderabad,Electronics,Headphones,2,12009.1,0.1,10808.19,8859.97,1948.22,Completed,4,2025-06-25 04:00:00,Jun,6,Q2
ORD00373,2025-02-08,CUST0083,EMP003,Chennai,Fashion,T-Shirt,7,4307.31,0.1,3876.58,3325.97,550.61,Pending,10,2025-02-08 10:00:00,Feb,2,Q1
ORD00374,2025-06-19,CUST0195,EMP010,Pune,Electronics,Headphones,2,15525.86,0.15,13196.98,11344.91,1852.07,Completed,17,2025-06-19 17:00:00,Jun,6,Q2
ORD00375,2025-09-04,CUST0034,EMP008,Pune,Beauty,Perfume,2,12024.78,0.15,10221.06,8704.99,1516.07,Completed,9,2025-09-04 09:00:00,Sep,9,Q3
ORD00376,2025-01-26,CUST0113,EMP004,Chennai,Electronics,Wireless Mouse,6,26320.2,0.1,23688.18,17299.93,6388.25,Completed,4,2025-01-26 04:00:00,Jan,1,Q1
ORD00377,2025-12-21,CUST0230,EMP007,Bengaluru,Office Supplies,Calculator,4,15346.24,0.1,13811.62,9219.94,4591.68,Completed,25,2025-12-22 01:00:00,Dec,12,Q4
ORD00378,2025-11-02,CUST0283,EMP010,Bengaluru,Electronics,Power Bank,5,6205.6,0.05,5895.32,3256.57,2638.75,Pending,5,2025-11-02 05:00:00,Nov,11,Q4
ORD00379,2025-01-13,CUST0287,EMP002,Pune,Office Supplies,Pen Set,6,15479.04,0.2,12383.23,7059.69,5323.54,Pending,0,2025-01-13 00:00:00,Jan,1,Q1
ORD00380,2025-11-12,CUST0155,EMP007,Ahmedabad,Office Supplies,Pen Set,4,29623.24,0.0,29623.24,20484.97,9138.27,Completed,6,2025-11-12 06:00:00,Nov,11,Q4
ORD00381,2025-11-09,CUST0165,EMP005,Bengaluru,Office Supplies,Pen Set,1,7702.18,0.05,7317.07,4988.61,2328.46,Delayed,70,2025-11-11 22:00:00,Nov,11,Q4
ORD00382,2025-02-05,CUST0182,EMP005,Kolkata,Beauty,Perfume,1,156.24,0.15,132.8,81.13,51.67,Completed,9,2025-02-05 09:00:00,Feb,2,Q1
ORD00383,2025-06-22,CUST0239,EMP006,Ahmedabad,Electronics,Power Bank,2,10222.08,0.0,10222.08,6956.21,3265.87,Completed,9,2025-06-22 09:00:00,Jun,6,Q2
ORD00384,2025-01-20,CUST0137,EMP009,Bengaluru,Electronics,Power Bank,3,18468.48,0.0,18468.48,11222.09,7246.39,Cancelled,1,2025-01-20 01:00:00,Jan,1,Q1
ORD00385,2025-11-17,CUST0266,EMP006,Chennai,Beauty,Face Wash,7,37215.78,0.1,33494.2,27803.57,5690.63,Completed,24,2025-11-18 00:00:00,Nov,11,Q4
ORD00386,2025-09-21,CUST0187,EMP008,Delhi,Fashion,T-Shirt,7,5824.21,0.1,5241.79,3398.8,1842.99,Pending,2,2025-09-21 02:00:00,Sep,9,Q3
ORD00387,2025-05-22,CUST0040,EMP007,Chennai,Home & Kitchen,Water Bottle,2,3936.0,0.15,3345.6,2500.92,844.68,Completed,29,2025-05-23 05:00:00,May,5,Q2
ORD00388,2025-05-23,CUST0167,EMP009,Bengaluru,Electronics,Headphones,3,6721.02,0.15,5712.87,4090.06,1622.81,Completed,34,2025-05-24 10:00:00,May,5,Q2
ORD00389,2025-04-02,CUST0260,EMP004,Chennai,Home & Kitchen,Water Bottle,4,28379.6,0.0,28379.6,16094.67,12284.93,Pending,16,2025-04-02 16:00:00,Apr,4,Q2
ORD00390,2025-12-20,CUST0143,EMP002,Mumbai,Beauty,Hair Dryer,1,4017.72,0.0,4017.72,3459.0,558.72,Completed,35,2025-12-21 11:00:00,Dec,12,Q4
ORD00391,2025-11-18,CUST0204,EMP007,Pune,Fashion,T-Shirt,7,29505.14,0.1,26554.63,19225.14,7329.49,Completed,13,2025-11-18 13:00:00,Nov,11,Q4
ORD00392,2025-10-15,CUST0176,EMP006,Delhi,Fashion,Sneakers,6,47738.16,0.05,45351.25,29807.97,15543.28,Completed,26,2025-10-16 02:00:00,Oct,10,Q4
ORD00393,2025-08-03,CUST0262,EMP001,Ahmedabad,Fashion,T-Shirt,3,16409.01,0.1,14768.11,8893.09,5875.02,Completed,9,2025-08-03 09:00:00,Aug,8,Q3
ORD00394,2025-12-08,CUST0252,EMP009,Ahmedabad,Beauty,Perfume,4,30615.52,0.0,30615.52,20258.71,10356.81,Delayed,70,2025-12-10 22:00:00,Dec,12,Q4
ORD00395,2025-02-20,CUST0200,EMP009,Mumbai,Office Supplies,Calculator,1,3961.85,0.1,3565.66,1985.25,1580.41,Completed,31,2025-02-21 07:00:00,Feb,2,Q1
ORD00396,2025-06-02,CUST0199,EMP002,Mumbai,Office Supplies,Calculator,6,8386.74,0.1,7548.07,5057.01,2491.06,Completed,33,2025-06-03 09:00:00,Jun,6,Q2
ORD00397,2025-07-05,CUST0196,EMP003,Bengaluru,Home & Kitchen,Mixer Grinder,3,23744.88,0.1,21370.39,15501.87,5868.52,Pending,6,2025-07-05 06:00:00,Jul,7,Q3
ORD00398,2025-03-04,CUST0077,EMP005,Bengaluru,Office Supplies,Desk Organizer,2,7960.38,0.1,7164.34,6001.68,1162.66,Delayed,56,2025-03-06 08:00:00,Mar,3,Q1
ORD00399,2025-07-09,CUST0019,EMP005,Ahmedabad,Office Supplies,Calculator,2,3333.24,0.1,2999.92,2330.44,669.48,Completed,35,2025-07-10 11:00:00,Jul,7,Q3
ORD00400,2025-05-05,CUST0062,EMP001,Mumbai,Fashion,Jeans,2,5350.0,0.05,5082.5,2982.52,2099.98,Completed,37,2025-05-06 13:00:00,May,5,Q2
ORD00401,2025-05-30,CUST0281,EMP008,Mumbai,Fashion,Jeans,7,4019.4,0.0,4019.4,2406.64,1612.76,Completed,44,2025-05-31 20:00:00,May,5,Q2
ORD00402,2025-11-10,CUST0250,EMP008,Ahmedabad,Home & Kitchen,Cookware Set,4,16241.24,0.0,16241.24,11227.26,5013.98,Completed,47,2025-11-11 23:00:00,Nov,11,Q4
ORD00403,2025-02-27,CUST0227,EMP004,Hyderabad,Electronics,Wireless Mouse,2,14547.24,0.05,13819.88,8493.47,5326.41,Cancelled,13,2025-02-27 13:00:00,Feb,2,Q1
ORD00404,2025-12-08,CUST0127,EMP007,Hyderabad,Home & Kitchen,Table Lamp,7,55617.8,0.05,52836.91,29545.89,23291.02,Completed,34,2025-12-09 10:00:00,Dec,12,Q4
ORD00405,2025-11-01,CUST0058,EMP010,Kolkata,Home & Kitchen,Mixer Grinder,5,39686.15,0.1,35717.54,29133.19,6584.35,Delayed,56,2025-11-03 08:00:00,Nov,11,Q4
ORD00406,2025-06-29,CUST0204,EMP003,Pune,Beauty,Shampoo,7,8369.69,0.05,7951.21,4424.39,3526.82,Completed,44,2025-06-30 20:00:00,Jun,6,Q2
ORD00407,2025-06-19,CUST0243,EMP006,Mumbai,Beauty,Hair Dryer,1,3340.15,0.1,3006.14,2477.44,528.7,Completed,24,2025-06-20 00:00:00,Jun,6,Q2
ORD00408,2025-11-22,CUST0252,EMP010,Chennai,Home & Kitchen,Mixer Grinder,7,2699.97,0.2,2159.98,1290.71,869.27,Completed,19,2025-11-22 19:00:00,Nov,11,Q4
ORD00409,2025-09-28,CUST0199,EMP010,Delhi,Home & Kitchen,Storage Box,4,29162.52,0.05,27704.39,24148.36,3556.03,Pending,15,2025-09-28 15:00:00,Sep,9,Q3
ORD00410,2025-02-23,CUST0240,EMP009,Hyderabad,Home & Kitchen,Cookware Set,6,18873.66,0.0,18873.66,14141.63,4732.03,Completed,46,2025-02-24 22:00:00,Feb,2,Q1
ORD00411,2025-04-11,CUST0139,EMP001,Ahmedabad,Office Supplies,Desk Organizer,7,37938.81,0.0,37938.81,30068.19,7870.62,Pending,9,2025-04-11 09:00:00,Apr,4,Q2
ORD00412,2025-09-21,CUST0122,EMP005,Bengaluru,Beauty,Moisturizer,2,12238.8,0.1,11014.92,6459.81,4555.11,Completed,22,2025-09-21 22:00:00,Sep,9,Q3
ORD00413,2025-02-22,CUST0049,EMP004,Mumbai,Home & Kitchen,Water Bottle,1,3739.2,0.05,3552.24,2964.32,587.92,Completed,35,2025-02-23 11:00:00,Feb,2,Q1
ORD00414,2025-03-01,CUST0115,EMP008,Chennai,Fashion,Jacket,3,8126.37,0.0,8126.37,6719.97,1406.4,Completed,18,2025-03-01 18:00:00,Mar,3,Q1
ORD00415,2025-04-18,CUST0251,EMP001,Delhi,Fashion,Sneakers,2,16368.96,0.1,14732.06,11277.21,3454.85,Pending,19,2025-04-18 19:00:00,Apr,4,Q2
ORD00416,2025-01-05,CUST0007,EMP009,Chennai,Office Supplies,File Folder,1,8203.48,0.0,8203.48,5871.65,2331.83,Completed,14,2025-01-05 14:00:00,Jan,1,Q1
ORD00417,2025-04-13,CUST0219,EMP006,Kolkata,Office Supplies,File Folder,5,12833.95,0.1,11550.56,9102.9,2447.66,Pending,18,2025-04-13 18:00:00,Apr,4,Q2
ORD00418,2025-07-15,CUST0077,EMP004,Chennai,Electronics,Keyboard,3,12464.61,0.1,11218.15,6191.93,5026.22,Completed,32,2025-07-16 08:00:00,Jul,7,Q3
ORD00419,2025-09-19,CUST0179,EMP009,Bengaluru,Electronics,Keyboard,5,41366.25,0.15,35161.31,26212.95,8948.36,Completed,48,2025-09-21 00:00:00,Sep,9,Q3
ORD00420,2025-12-31,CUST0145,EMP005,Hyderabad,Electronics,Wireless Mouse,6,1143.9,0.0,1143.9,949.03,194.87,Completed,7,2025-12-31 07:00:00,Dec,12,Q4
ORD00421,2025-12-16,CUST0154,EMP005,Chennai,Office Supplies,Desk Organizer,1,3595.86,0.2,2876.69,1920.99,955.7,Completed,39,2025-12-17 15:00:00,Dec,12,Q4
ORD00422,2025-02-16,CUST0121,EMP005,Delhi,Office Supplies,Notebook,5,4944.1,0.15,4202.49,2461.55,1740.94,Completed,26,2025-02-17 02:00:00,Feb,2,Q1
ORD00423,2025-12-21,CUST0124,EMP001,Hyderabad,Office Supplies,File Folder,6,26408.82,0.05,25088.38,17283.12,7805.26,Completed,18,2025-12-21 18:00:00,Dec,12,Q4
ORD00424,2025-11-07,CUST0150,EMP001,Kolkata,Fashion,Jacket,1,355.99,0.0,355.99,281.21,74.78,Delayed,58,2025-11-09 10:00:00,Nov,11,Q4
ORD00425,2025-11-04,CUST0268,EMP008,Kolkata,Office Supplies,Calculator,1,3547.6,0.05,3370.22,1972.96,1397.26,Cancelled,9,2025-11-04 09:00:00,Nov,11,Q4
ORD00426,2025-05-24,CUST0001,EMP008,Pune,Fashion,Jeans,5,9964.2,0.15,8469.57,5234.16,3235.41,Cancelled,9,2025-05-24 09:00:00,May,5,Q2
ORD00427,2025-09-26,CUST0161,EMP006,Bengaluru,Electronics,USB Hub,1,4603.12,0.15,3912.65,2342.47,1570.18,Cancelled,17,2025-09-26 17:00:00,Sep,9,Q3
ORD00428,2025-05-04,CUST0244,EMP004,Hyderabad,Electronics,USB Hub,2,16933.1,0.1,15239.79,12389.84,2849.95,Completed,43,2025-05-05 19:00:00,May,5,Q2
ORD00429,2025-04-16,CUST0251,EMP002,Kolkata,Electronics,USB Hub,1,6834.48,0.2,5467.58,3120.65,2346.93,Delayed,78,2025-04-19 06:00:00,Apr,4,Q2
ORD00430,2025-06-07,CUST0064,EMP002,Kolkata,Home & Kitchen,Storage Box,4,28844.44,0.0,28844.44,22399.83,6444.61,Completed,25,2025-06-08 01:00:00,Jun,6,Q2
ORD00431,2025-05-27,CUST0299,EMP009,Hyderabad,Home & Kitchen,Table Lamp,6,32726.76,0.0,32726.76,21957.39,10769.37,Completed,17,2025-05-27 17:00:00,May,5,Q2
ORD00432,2025-05-25,CUST0248,EMP005,Chennai,Beauty,Hair Dryer,1,497.02,0.2,397.62,317.86,79.76,Completed,20,2025-05-25 20:00:00,May,5,Q2
ORD00433,2025-04-30,CUST0297,EMP004,Ahmedabad,Beauty,Hair Dryer,4,7507.04,0.15,6380.98,5540.26,840.72,Pending,3,2025-04-30 03:00:00,Apr,4,Q2
ORD00434,2025-11-15,CUST0115,EMP010,Delhi,Beauty,Face Wash,1,7874.29,0.1,7086.86,4165.66,2921.2,Delayed,66,2025-11-17 18:00:00,Nov,11,Q4
ORD00435,2025-10-02,CUST0295,EMP001,Chennai,Home & Kitchen,Storage Box,1,3207.04,0.15,2725.98,1782.1,943.88,Completed,18,2025-10-02 18:00:00,Oct,10,Q4
ORD00436,2025-04-02,CUST0001,EMP007,Delhi,Home & Kitchen,Water Bottle,5,5076.85,0.25,3807.64,3112.14,695.5,Pending,9,2025-04-02 09:00:00,Apr,4,Q2
ORD00437,2025-02-27,CUST0041,EMP003,Kolkata,Beauty,Face Wash,2,12030.16,0.15,10225.64,6522.24,3703.4,Completed,27,2025-02-28 03:00:00,Feb,2,Q1
ORD00438,2025-12-12,CUST0173,EMP006,Kolkata,Beauty,Perfume,6,15902.82,0.15,13517.4,8394.17,5123.23,Completed,15,2025-12-12 15:00:00,Dec,12,Q4
ORD00439,2025-08-17,CUST0088,EMP005,Bengaluru,Office Supplies,File Folder,2,4789.92,0.15,4071.43,3348.24,723.19,Cancelled,22,2025-08-17 22:00:00,Aug,8,Q3
ORD00440,2025-04-27,CUST0098,EMP005,Hyderabad,Beauty,Moisturizer,3,25449.33,0.0,25449.33,22286.92,3162.41,Completed,45,2025-04-28 21:00:00,Apr,4,Q2
ORD00441,2025-11-14,CUST0088,EMP005,Mumbai,Office Supplies,Desk Organizer,5,36577.3,0.15,31090.7,22813.44,8277.26,Completed,45,2025-11-15 21:00:00,Nov,11,Q4
ORD00442,2025-10-06,CUST0251,EMP001,Kolkata,Fashion,Sneakers,5,17781.4,0.0,17781.4,11411.32,6370.08,Completed,34,2025-10-07 10:00:00,Oct,10,Q4
ORD00443,2025-05-07,CUST0141,EMP001,Delhi,Home & Kitchen,Cookware Set,2,16670.36,0.2,13336.29,9089.04,4247.25,Delayed,89,2025-05-10 17:00:00,May,5,Q2
ORD00444,2025-05-09,CUST0071,EMP003,Delhi,Beauty,Shampoo,7,39049.15,0.1,35144.24,21302.44,13841.8,Pending,9,2025-05-09 09:00:00,May,5,Q2
ORD00445,2025-02-27,CUST0137,EMP010,Ahmedabad,Home & Kitchen,Table Lamp,5,31729.45,0.1,28556.5,22885.83,5670.67,Completed,12,2025-02-27 12:00:00,Feb,2,Q1
ORD00446,2025-05-02,CUST0099,EMP004,Ahmedabad,Home & Kitchen,Storage Box,2,826.26,0.1,743.63,598.81,144.82,Completed,17,2025-05-02 17:00:00,May,5,Q2
ORD00447,2025-01-01,CUST0151,EMP005,Chennai,Home & Kitchen,Table Lamp,5,5827.0,0.0,5827.0,4887.63,939.37,Completed,22,2025-01-01 22:00:00,Jan,1,Q1
ORD00448,2025-08-27,CUST0175,EMP002,Chennai,Fashion,Jacket,1,5436.26,0.05,5164.45,2885.79,2278.66,Completed,34,2025-08-28 10:00:00,Aug,8,Q3
ORD00449,2025-10-17,CUST0167,EMP008,Kolkata,Electronics,Power Bank,2,15313.7,0.25,11485.28,8446.89,3038.39,Cancelled,7,2025-10-17 07:00:00,Oct,10,Q4
ORD00450,2025-04-06,CUST0257,EMP002,Kolkata,Beauty,Shampoo,2,10716.52,0.25,8037.39,4988.84,3048.55,Cancelled,23,2025-04-06 23:00:00,Apr,4,Q2
ORD00451,2025-05-06,CUST0224,EMP009,Pune,Electronics,Wireless Mouse,4,5076.44,0.05,4822.62,3194.94,1627.68,Completed,42,2025-05-07 18:00:00,May,5,Q2
ORD00452,2025-04-28,CUST0065,EMP002,Delhi,Electronics,Keyboard,5,5583.0,0.25,4187.25,3387.63,799.62,Completed,29,2025-04-29 05:00:00,Apr,4,Q2
ORD00453,2025-02-17,CUST0069,EMP009,Bengaluru,Electronics,USB Hub,5,35994.75,0.15,30595.54,18766.42,11829.12,Completed,11,2025-02-17 11:00:00,Feb,2,Q1
ORD00454,2025-03-30,CUST0067,EMP007,Hyderabad,Home & Kitchen,Water Bottle,2,2626.34,0.1,2363.71,1797.96,565.75,Completed,27,2025-03-31 03:00:00,Mar,3,Q1
ORD00455,2025-08-25,CUST0050,EMP008,Hyderabad,Office Supplies,Desk Organizer,1,4493.94,0.0,4493.94,3442.39,1051.55,Pending,11,2025-08-25 11:00:00,Aug,8,Q3
ORD00456,2025-09-29,CUST0091,EMP002,Ahmedabad,Home & Kitchen,Mixer Grinder,1,459.9,0.2,367.92,318.2,49.72,Completed,22,2025-09-29 22:00:00,Sep,9,Q3
ORD00457,2025-07-08,CUST0115,EMP007,Hyderabad,Home & Kitchen,Cookware Set,6,4941.54,0.1,4447.39,3583.72,863.67,Pending,8,2025-07-08 08:00:00,Jul,7,Q3
ORD00458,2025-07-11,CUST0057,EMP006,Delhi,Electronics,Wireless Mouse,1,5764.11,0.2,4611.29,3759.12,852.17,Completed,25,2025-07-12 01:00:00,Jul,7,Q3
ORD00459,2025-03-10,CUST0018,EMP004,Chennai,Home & Kitchen,Table Lamp,5,29523.3,0.15,25094.8,18204.48,6890.32,Completed,12,2025-03-10 12:00:00,Mar,3,Q1
ORD00460,2025-10-05,CUST0272,EMP007,Bengaluru,Electronics,Wireless Mouse,7,21008.89,0.15,17857.56,10922.36,6935.2,Completed,47,2025-10-06 23:00:00,Oct,10,Q4
ORD00461,2025-12-15,CUST0130,EMP004,Hyderabad,Office Supplies,Notebook,4,7801.36,0.1,7021.22,4847.7,2173.52,Completed,7,2025-12-15 07:00:00,Dec,12,Q4
ORD00462,2025-09-04,CUST0269,EMP002,Delhi,Beauty,Face Wash,2,13888.96,0.05,13194.51,9649.56,3544.95,Completed,40,2025-09-05 16:00:00,Sep,9,Q3
ORD00463,2025-03-17,CUST0080,EMP010,Mumbai,Electronics,Keyboard,3,5888.43,0.05,5594.01,4329.08,1264.93,Completed,11,2025-03-17 11:00:00,Mar,3,Q1
ORD00464,2025-06-03,CUST0299,EMP007,Kolkata,Office Supplies,Pen Set,4,18703.72,0.05,17768.53,13336.06,4432.47,Completed,4,2025-06-03 04:00:00,Jun,6,Q2
ORD00465,2025-05-24,CUST0202,EMP008,Pune,Beauty,Hair Dryer,7,57641.78,0.0,57641.78,39197.14,18444.64,Completed,31,2025-05-25 07:00:00,May,5,Q2
ORD00466,2025-03-27,CUST0225,EMP002,Pune,Fashion,T-Shirt,3,4153.71,0.1,3738.34,2383.39,1354.95,Pending,21,2025-03-27 21:00:00,Mar,3,Q1
ORD00467,2025-07-04,CUST0159,EMP005,Hyderabad,Electronics,Headphones,4,32025.28,0.1,28822.75,17452.64,11370.11,Completed,39,2025-07-05 15:00:00,Jul,7,Q3
ORD00468,2025-10-12,CUST0204,EMP001,Chennai,Electronics,USB Hub,1,1677.16,0.2,1341.73,1045.17,296.56,Cancelled,15,2025-10-12 15:00:00,Oct,10,Q4
ORD00469,2025-08-08,CUST0137,EMP007,Pune,Fashion,T-Shirt,5,24440.75,0.0,24440.75,18647.84,5792.91,Completed,8,2025-08-08 08:00:00,Aug,8,Q3
ORD00470,2025-03-10,CUST0073,EMP008,Pune,Fashion,T-Shirt,7,23086.07,0.1,20777.46,16140.61,4636.85,Completed,27,2025-03-11 03:00:00,Mar,3,Q1
ORD00471,2025-02-16,CUST0048,EMP006,Ahmedabad,Electronics,Keyboard,3,24621.45,0.0,24621.45,16568.61,8052.84,Completed,21,2025-02-16 21:00:00,Feb,2,Q1
ORD00472,2025-04-04,CUST0018,EMP005,Pune,Fashion,Jacket,7,17038.56,0.0,17038.56,10846.65,6191.91,Delayed,49,2025-04-06 01:00:00,Apr,4,Q2
ORD00473,2025-08-26,CUST0267,EMP006,Pune,Home & Kitchen,Mixer Grinder,4,13948.56,0.0,13948.56,11168.72,2779.84,Delayed,88,2025-08-29 16:00:00,Aug,8,Q3
ORD00474,2025-07-23,CUST0019,EMP002,Hyderabad,Beauty,Face Wash,5,41784.4,0.15,35516.74,28601.76,6914.98,Completed,16,2025-07-23 16:00:00,Jul,7,Q3
ORD00475,2025-08-06,CUST0100,EMP001,Ahmedabad,Beauty,Hair Dryer,7,32406.71,0.0,32406.71,22696.15,9710.56,Completed,8,2025-08-06 08:00:00,Aug,8,Q3
ORD00476,2025-12-07,CUST0116,EMP007,Delhi,Beauty,Moisturizer,3,13040.88,0.15,11084.75,8334.94,2749.81,Completed,33,2025-12-08 09:00:00,Dec,12,Q4
ORD00477,2025-02-08,CUST0074,EMP007,Bengaluru,Home & Kitchen,Table Lamp,2,4604.9,0.05,4374.66,2945.29,1429.37,Completed,4,2025-02-08 04:00:00,Feb,2,Q1
ORD00478,2025-04-10,CUST0280,EMP010,Bengaluru,Fashion,Jacket,4,24025.56,0.2,19220.45,15023.52,4196.93,Pending,17,2025-04-10 17:00:00,Apr,4,Q2
ORD00479,2025-10-16,CUST0269,EMP010,Chennai,Office Supplies,File Folder,2,540.02,0.15,459.02,379.05,79.97,Completed,21,2025-10-16 21:00:00,Oct,10,Q4
ORD00480,2025-09-11,CUST0125,EMP002,Delhi,Fashion,Jacket,1,563.43,0.25,422.57,328.39,94.18,Completed,8,2025-09-11 08:00:00,Sep,9,Q3
ORD00481,2025-08-10,CUST0116,EMP002,Kolkata,Electronics,Wireless Mouse,2,10309.28,0.2,8247.42,5931.15,2316.27,Pending,11,2025-08-10 11:00:00,Aug,8,Q3
ORD00482,2025-12-23,CUST0174,EMP001,Mumbai,Beauty,Hair Dryer,2,6005.96,0.2,4804.77,3369.86,1434.91,Cancelled,14,2025-12-23 14:00:00,Dec,12,Q4
ORD00483,2025-01-23,CUST0181,EMP010,Bengaluru,Fashion,Backpack,6,48661.14,0.2,38928.91,29662.49,9266.42,Delayed,96,2025-01-27 00:00:00,Jan,1,Q1
ORD00484,2025-09-07,CUST0226,EMP008,Mumbai,Office Supplies,Desk Organizer,4,30766.56,0.1,27689.9,21441.33,6248.57,Completed,28,2025-09-08 04:00:00,Sep,9,Q3
ORD00485,2025-01-10,CUST0157,EMP008,Bengaluru,Electronics,USB Hub,1,6109.45,0.0,6109.45,4486.66,1622.79,Cancelled,17,2025-01-10 17:00:00,Jan,1,Q1
ORD00486,2025-09-03,CUST0164,EMP001,Ahmedabad,Home & Kitchen,Water Bottle,2,13963.04,0.05,13264.89,10031.32,3233.57,Cancelled,23,2025-09-03 23:00:00,Sep,9,Q3
ORD00487,2025-11-21,CUST0071,EMP008,Bengaluru,Home & Kitchen,Mixer Grinder,5,28611.1,0.05,27180.54,15815.66,11364.88,Cancelled,19,2025-11-21 19:00:00,Nov,11,Q4
ORD00488,2025-04-10,CUST0222,EMP009,Ahmedabad,Office Supplies,Notebook,3,3595.83,0.1,3236.25,2796.39,439.86,Delayed,71,2025-04-12 23:00:00,Apr,4,Q2
ORD00489,2025-10-17,CUST0126,EMP004,Ahmedabad,Electronics,Keyboard,2,13084.58,0.1,11776.12,9549.9,2226.22,Completed,23,2025-10-17 23:00:00,Oct,10,Q4
ORD00490,2025-06-29,CUST0145,EMP001,Chennai,Beauty,Shampoo,1,1905.1,0.2,1524.08,1026.31,497.77,Delayed,73,2025-07-02 01:00:00,Jun,6,Q2
ORD00491,2025-08-11,CUST0176,EMP001,Pune,Fashion,Jacket,2,5701.5,0.25,4276.12,3146.06,1130.06,Cancelled,18,2025-08-11 18:00:00,Aug,8,Q3
ORD00492,2025-09-07,CUST0152,EMP003,Chennai,Electronics,Keyboard,3,20971.83,0.05,19923.24,11268.93,8654.31,Completed,26,2025-09-08 02:00:00,Sep,9,Q3
ORD00493,2025-05-27,CUST0182,EMP005,Ahmedabad,Home & Kitchen,Cookware Set,1,4629.99,0.1,4166.99,2348.54,1818.45,Pending,7,2025-05-27 07:00:00,May,5,Q2
ORD00494,2025-04-06,CUST0085,EMP005,Ahmedabad,Office Supplies,File Folder,4,29322.0,0.25,21991.5,13915.42,8076.08,Delayed,58,2025-04-08 10:00:00,Apr,4,Q2
ORD00495,2025-09-14,CUST0121,EMP009,Bengaluru,Office Supplies,Pen Set,1,1928.84,0.05,1832.4,1424.88,407.52,Completed,20,2025-09-14 20:00:00,Sep,9,Q3
ORD00496,2025-11-21,CUST0129,EMP010,Delhi,Fashion,Jeans,4,20899.8,0.15,17764.83,14766.28,2998.55,Cancelled,3,2025-11-21 03:00:00,Nov,11,Q4
ORD00497,2025-01-04,CUST0006,EMP002,Pune,Office Supplies,Desk Organizer,1,849.65,0.05,807.17,592.89,214.28,Completed,43,2025-01-05 19:00:00,Jan,1,Q1
ORD00498,2025-01-16,CUST0183,EMP002,Delhi,Office Supplies,Notebook,7,38636.92,0.1,34773.23,25231.59,9541.64,Pending,2,2025-01-16 02:00:00,Jan,1,Q1
ORD00499,2025-10-07,CUST0038,EMP006,Delhi,Electronics,Wireless Mouse,3,19551.48,0.05,18573.91,12681.56,5892.35,Completed,6,2025-10-07 06:00:00,Oct,10,Q4
ORD00500,2025-12-02,CUST0116,EMP009,Delhi,Beauty,Hair Dryer,3,15102.51,0.2,12082.01,7289.41,4792.6,Delayed,58,2025-12-04 10:00:00,Dec,12,Q4
ORD00501,2025-09-04,CUST0102,EMP001,Pune,Fashion,Sneakers,1,2373.03,0.1,2135.73,1258.07,877.66,Completed,29,2025-09-05 05:00:00,Sep,9,Q3
ORD00502,2025-09-15,CUST0008,EMP009,Delhi,Electronics,Headphones,7,2881.97,0.0,2881.97,2308.53,573.44,Completed,26,2025-09-16 02:00:00,Sep,9,Q3
ORD00503,2025-06-09,CUST0218,EMP009,Pune,Beauty,Moisturizer,2,2294.8,0.05,2180.06,1866.3,313.76,Completed,9,2025-06-09 09:00:00,Jun,6,Q2
ORD00504,2025-12-06,CUST0207,EMP009,Mumbai,Electronics,Power Bank,3,16038.69,0.1,14434.82,10122.18,4312.64,Completed,31,2025-12-07 07:00:00,Dec,12,Q4
ORD00505,2025-06-01,CUST0078,EMP005,Ahmedabad,Electronics,Headphones,4,31809.64,0.25,23857.23,18313.22,5544.01,Cancelled,17,2025-06-01 17:00:00,Jun,6,Q2
ORD00506,2025-06-27,CUST0055,EMP009,Kolkata,Office Supplies,Notebook,4,7498.24,0.15,6373.5,5428.76,944.74,Cancelled,23,2025-06-27 23:00:00,Jun,6,Q2
ORD00507,2025-06-12,CUST0228,EMP004,Bengaluru,Beauty,Moisturizer,5,31437.35,0.1,28293.62,16402.87,11890.75,Delayed,74,2025-06-15 02:00:00,Jun,6,Q2
ORD00508,2025-02-02,CUST0088,EMP002,Hyderabad,Fashion,Backpack,6,44309.22,0.05,42093.76,33854.28,8239.48,Delayed,74,2025-02-05 02:00:00,Feb,2,Q1
ORD00509,2025-06-28,CUST0010,EMP006,Delhi,Fashion,Sneakers,7,31495.59,0.1,28346.03,21360.14,6985.89,Completed,41,2025-06-29 17:00:00,Jun,6,Q2
ORD00510,2025-04-11,CUST0290,EMP004,Chennai,Beauty,Perfume,6,34430.22,0.15,29265.69,21877.57,7388.12,Delayed,69,2025-04-13 21:00:00,Apr,4,Q2
ORD00511,2025-09-25,CUST0164,EMP006,Mumbai,Office Supplies,File Folder,6,41732.28,0.15,35472.44,22934.29,12538.15,Completed,26,2025-09-26 02:00:00,Sep,9,Q3
ORD00512,2025-11-19,CUST0239,EMP003,Chennai,Home & Kitchen,Water Bottle,4,9306.56,0.05,8841.23,6858.01,1983.22,Cancelled,10,2025-11-19 10:00:00,Nov,11,Q4
ORD00513,2025-03-06,CUST0144,EMP006,Hyderabad,Electronics,Power Bank,5,13145.4,0.15,11173.59,9076.12,2097.47,Cancelled,9,2025-03-06 09:00:00,Mar,3,Q1
ORD00514,2025-06-17,CUST0018,EMP002,Pune,Office Supplies,Calculator,6,931.44,0.1,838.3,492.29,346.01,Completed,30,2025-06-18 06:00:00,Jun,6,Q2
ORD00515,2025-11-26,CUST0071,EMP002,Hyderabad,Beauty,Hair Dryer,6,49151.04,0.25,36863.28,26765.03,10098.25,Completed,4,2025-11-26 04:00:00,Nov,11,Q4
ORD00516,2025-02-12,CUST0175,EMP009,Chennai,Electronics,Wireless Mouse,1,7811.5,0.2,6249.2,3645.89,2603.31,Pending,12,2025-02-12 12:00:00,Feb,2,Q1
ORD00517,2025-02-13,CUST0288,EMP007,Ahmedabad,Fashion,Backpack,1,6534.15,0.15,5554.03,4654.0,900.03,Cancelled,5,2025-02-13 05:00:00,Feb,2,Q1
ORD00518,2025-10-12,CUST0299,EMP003,Ahmedabad,Home & Kitchen,Water Bottle,1,810.28,0.15,688.74,494.18,194.56,Completed,48,2025-10-14 00:00:00,Oct,10,Q4
ORD00519,2025-01-12,CUST0248,EMP001,Hyderabad,Fashion,T-Shirt,2,7773.3,0.05,7384.64,6030.51,1354.13,Completed,6,2025-01-12 06:00:00,Jan,1,Q1
ORD00520,2025-04-05,CUST0193,EMP008,Ahmedabad,Beauty,Moisturizer,6,6004.8,0.15,5104.08,3427.23,1676.85,Completed,40,2025-04-06 16:00:00,Apr,4,Q2
ORD00521,2025-10-29,CUST0268,EMP006,Bengaluru,Electronics,Power Bank,2,565.86,0.05,537.57,317.85,219.72,Completed,34,2025-10-30 10:00:00,Oct,10,Q4
ORD00522,2025-09-10,CUST0204,EMP007,Hyderabad,Beauty,Hair Dryer,5,26475.65,0.05,25151.87,14177.98,10973.89,Delayed,50,2025-09-12 02:00:00,Sep,9,Q3
ORD00523,2025-08-30,CUST0123,EMP009,Delhi,Electronics,Keyboard,7,57210.51,0.05,54349.98,34941.5,19408.48,Delayed,63,2025-09-01 15:00:00,Aug,8,Q3
ORD00524,2025-02-04,CUST0058,EMP005,Bengaluru,Office Supplies,Calculator,4,30755.8,0.15,26142.43,16485.34,9657.09,Pending,13,2025-02-04 13:00:00,Feb,2,Q1
ORD00525,2025-08-03,CUST0201,EMP001,Delhi,Home & Kitchen,Cookware Set,6,35807.4,0.0,35807.4,26315.44,9491.96,Completed,38,2025-08-04 14:00:00,Aug,8,Q3
ORD00526,2025-12-03,CUST0112,EMP010,Kolkata,Office Supplies,File Folder,4,3827.8,0.1,3445.02,1919.47,1525.55,Completed,9,2025-12-03 09:00:00,Dec,12,Q4
ORD00527,2025-03-31,CUST0128,EMP007,Kolkata,Office Supplies,Desk Organizer,7,17074.89,0.1,15367.4,11092.01,4275.39,Completed,6,2025-03-31 06:00:00,Mar,3,Q1
ORD00528,2025-09-21,CUST0036,EMP005,Hyderabad,Beauty,Perfume,1,2822.47,0.0,2822.47,1917.26,905.21,Completed,8,2025-09-21 08:00:00,Sep,9,Q3
ORD00529,2025-04-03,CUST0234,EMP003,Bengaluru,Home & Kitchen,Table Lamp,6,39133.8,0.0,39133.8,28976.64,10157.16,Completed,12,2025-04-03 12:00:00,Apr,4,Q2
ORD00530,2025-03-31,CUST0047,EMP009,Ahmedabad,Electronics,Keyboard,3,20546.34,0.15,17464.39,13653.62,3810.77,Completed,31,2025-04-01 07:00:00,Mar,3,Q1
ORD00531,2025-04-25,CUST0115,EMP001,Bengaluru,Electronics,Power Bank,2,6731.28,0.15,5721.59,4344.12,1377.47,Pending,14,2025-04-25 14:00:00,Apr,4,Q2
ORD00532,2025-04-15,CUST0255,EMP001,Kolkata,Fashion,Jacket,2,7278.66,0.05,6914.73,6049.92,864.81,Completed,31,2025-04-16 07:00:00,Apr,4,Q2
ORD00533,2025-07-15,CUST0223,EMP001,Hyderabad,Electronics,Keyboard,6,3129.9,0.2,2503.92,1491.4,1012.52,Pending,0,2025-07-15 00:00:00,Jul,7,Q3
ORD00534,2025-11-10,CUST0124,EMP003,Mumbai,Beauty,Moisturizer,7,17950.03,0.15,15257.53,10555.36,4702.17,Completed,16,2025-11-10 16:00:00,Nov,11,Q4
ORD00535,2025-04-24,CUST0160,EMP006,Pune,Office Supplies,File Folder,1,3918.23,0.05,3722.32,2569.12,1153.2,Completed,41,2025-04-25 17:00:00,Apr,4,Q2
ORD00536,2025-03-16,CUST0096,EMP010,Pune,Office Supplies,Notebook,2,2253.62,0.15,1915.58,1317.21,598.37,Completed,46,2025-03-17 22:00:00,Mar,3,Q1
ORD00537,2025-08-05,CUST0107,EMP003,Pune,Office Supplies,Calculator,1,3934.78,0.25,2951.08,2269.54,681.54,Pending,18,2025-08-05 18:00:00,Aug,8,Q3
ORD00538,2025-10-04,CUST0120,EMP008,Ahmedabad,Home & Kitchen,Water Bottle,5,36370.1,0.1,32733.09,23294.28,9438.81,Delayed,90,2025-10-07 18:00:00,Oct,10,Q4
ORD00539,2025-09-06,CUST0101,EMP010,Bengaluru,Electronics,Power Bank,4,20016.12,0.05,19015.31,13705.34,5309.97,Completed,9,2025-09-06 09:00:00,Sep,9,Q3
ORD00540,2025-06-13,CUST0103,EMP002,Ahmedabad,Beauty,Moisturizer,7,5663.42,0.2,4530.74,3138.34,1392.4,Delayed,51,2025-06-15 03:00:00,Jun,6,Q2
ORD00541,2025-12-23,CUST0166,EMP009,Kolkata,Home & Kitchen,Water Bottle,3,5251.38,0.1,4726.24,4146.15,580.09,Pending,13,2025-12-23 13:00:00,Dec,12,Q4
ORD00542,2025-07-11,CUST0186,EMP003,Pune,Fashion,Jacket,4,16449.8,0.0,16449.8,14082.6,2367.2,Cancelled,8,2025-07-11 08:00:00,Jul,7,Q3
ORD00543,2025-08-15,CUST0032,EMP005,Kolkata,Beauty,Face Wash,4,12673.68,0.1,11406.31,7431.77,3974.54,Pending,7,2025-08-15 07:00:00,Aug,8,Q3
ORD00544,2025-06-26,CUST0066,EMP010,Bengaluru,Beauty,Moisturizer,5,15726.85,0.1,14154.16,8306.03,5848.13,Completed,42,2025-06-27 18:00:00,Jun,6,Q2
ORD00545,2025-04-09,CUST0179,EMP008,Kolkata,Beauty,Shampoo,2,9138.76,0.2,7311.01,6047.1,1263.91,Cancelled,22,2025-04-09 22:00:00,Apr,4,Q2
ORD00546,2025-02-05,CUST0267,EMP002,Mumbai,Office Supplies,Pen Set,3,15089.13,0.1,13580.22,11937.91,1642.31,Cancelled,22,2025-02-05 22:00:00,Feb,2,Q1
ORD00547,2025-04-06,CUST0037,EMP006,Ahmedabad,Beauty,Shampoo,2,13607.58,0.05,12927.2,8358.22,4568.98,Completed,24,2025-04-07 00:00:00,Apr,4,Q2
ORD00548,2025-06-01,CUST0201,EMP005,Hyderabad,Electronics,USB Hub,6,17982.42,0.1,16184.18,10812.15,5372.03,Cancelled,15,2025-06-01 15:00:00,Jun,6,Q2
ORD00549,2025-05-31,CUST0049,EMP010,Kolkata,Beauty,Hair Dryer,4,27502.56,0.1,24752.3,21305.27,3447.03,Completed,28,2025-06-01 04:00:00,May,5,Q2
ORD00550,2025-07-09,CUST0275,EMP009,Kolkata,Office Supplies,Calculator,6,17864.4,0.05,16971.18,13316.82,3654.36,Completed,35,2025-07-10 11:00:00,Jul,7,Q3
ORD00551,2025-08-12,CUST0168,EMP005,Hyderabad,Beauty,Perfume,1,612.87,0.1,551.58,357.18,194.4,Delayed,75,2025-08-15 03:00:00,Aug,8,Q3
ORD00552,2025-02-06,CUST0263,EMP002,Bengaluru,Fashion,Jeans,4,19109.88,0.15,16243.4,12048.47,4194.93,Completed,8,2025-02-06 08:00:00,Feb,2,Q1
ORD00553,2025-09-25,CUST0133,EMP005,Bengaluru,Fashion,Backpack,2,10117.96,0.0,10117.96,8717.59,1400.37,Completed,33,2025-09-26 09:00:00,Sep,9,Q3
ORD00554,2025-07-02,CUST0298,EMP004,Ahmedabad,Office Supplies,Calculator,4,31813.64,0.1,28632.28,23418.29,5213.99,Completed,11,2025-07-02 11:00:00,Jul,7,Q3
ORD00555,2025-01-13,CUST0176,EMP007,Kolkata,Electronics,USB Hub,1,6212.61,0.05,5901.98,4690.92,1211.06,Completed,22,2025-01-13 22:00:00,Jan,1,Q1
ORD00556,2025-10-06,CUST0011,EMP006,Mumbai,Electronics,Keyboard,5,39067.0,0.05,37113.65,29438.87,7674.78,Delayed,86,2025-10-09 14:00:00,Oct,10,Q4
ORD00557,2025-08-05,CUST0201,EMP002,Pune,Home & Kitchen,Table Lamp,6,46408.2,0.05,44087.79,26838.3,17249.49,Completed,33,2025-08-06 09:00:00,Aug,8,Q3
ORD00558,2025-12-21,CUST0297,EMP005,Mumbai,Office Supplies,Desk Organizer,6,31189.14,0.05,29629.68,24359.89,5269.79,Pending,15,2025-12-21 15:00:00,Dec,12,Q4
ORD00559,2025-12-27,CUST0003,EMP007,Hyderabad,Beauty,Perfume,2,9113.62,0.15,7746.58,4966.48,2780.1,Completed,39,2025-12-28 15:00:00,Dec,12,Q4
ORD00560,2025-10-13,CUST0214,EMP007,Hyderabad,Office Supplies,Calculator,4,19218.52,0.05,18257.59,15647.14,2610.45,Cancelled,21,2025-10-13 21:00:00,Oct,10,Q4
ORD00561,2025-09-30,CUST0296,EMP005,Delhi,Home & Kitchen,Water Bottle,2,16638.12,0.15,14142.4,9480.09,4662.31,Completed,30,2025-10-01 06:00:00,Sep,9,Q3
ORD00562,2025-03-03,CUST0032,EMP009,Pune,Office Supplies,Pen Set,5,33029.75,0.0,33029.75,27514.7,5515.05,Completed,16,2025-03-03 16:00:00,Mar,3,Q1
ORD00563,2025-03-25,CUST0048,EMP004,Kolkata,Office Supplies,Pen Set,4,4149.28,0.25,3111.96,1984.99,1126.97,Pending,3,2025-03-25 03:00:00,Mar,3,Q1
ORD00564,2025-08-05,CUST0252,EMP003,Hyderabad,Home & Kitchen,Mixer Grinder,4,26599.52,0.1,23939.57,17231.56,6708.01,Cancelled,1,2025-08-05 01:00:00,Aug,8,Q3
ORD00565,2025-12-08,CUST0199,EMP004,Delhi,Electronics,USB Hub,2,3147.98,0.15,2675.78,1566.06,1109.72,Completed,33,2025-12-09 09:00:00,Dec,12,Q4
ORD00566,2025-07-06,CUST0089,EMP005,Bengaluru,Beauty,Shampoo,2,7770.76,0.05,7382.22,5668.36,1713.86,Completed,42,2025-07-07 18:00:00,Jul,7,Q3
ORD00567,2025-01-19,CUST0109,EMP006,Hyderabad,Home & Kitchen,Cookware Set,1,1907.34,0.05,1811.97,1496.52,315.45,Delayed,90,2025-01-22 18:00:00,Jan,1,Q1
ORD00568,2025-06-26,CUST0291,EMP003,Chennai,Fashion,Backpack,7,41356.14,0.05,39288.33,30923.36,8364.97,Completed,19,2025-06-26 19:00:00,Jun,6,Q2
ORD00569,2025-04-10,CUST0108,EMP002,Pune,Electronics,Headphones,7,52328.78,0.2,41863.02,30253.37,11609.65,Delayed,70,2025-04-12 22:00:00,Apr,4,Q2
ORD00570,2025-08-21,CUST0040,EMP004,Delhi,Fashion,Jeans,5,12872.6,0.1,11585.34,6544.42,5040.92,Completed,10,2025-08-21 10:00:00,Aug,8,Q3
ORD00571,2025-03-17,CUST0052,EMP005,Pune,Electronics,Headphones,7,5843.53,0.1,5259.18,4512.56,746.62,Completed,30,2025-03-18 06:00:00,Mar,3,Q1
ORD00572,2025-09-22,CUST0112,EMP004,Pune,Beauty,Moisturizer,1,2642.42,0.15,2246.06,1758.24,487.82,Cancelled,0,2025-09-22 00:00:00,Sep,9,Q3
ORD00573,2025-10-11,CUST0295,EMP003,Chennai,Beauty,Face Wash,6,34585.32,0.05,32856.05,26157.86,6698.19,Cancelled,23,2025-10-11 23:00:00,Oct,10,Q4
ORD00574,2025-07-25,CUST0068,EMP008,Mumbai,Office Supplies,Desk Organizer,4,11580.6,0.15,9843.51,7995.34,1848.17,Completed,18,2025-07-25 18:00:00,Jul,7,Q3
ORD00575,2025-08-11,CUST0189,EMP010,Bengaluru,Fashion,Sneakers,2,4944.48,0.1,4450.03,3545.59,904.44,Completed,31,2025-08-12 07:00:00,Aug,8,Q3
ORD00576,2025-02-21,CUST0209,EMP004,Pune,Electronics,Wireless Mouse,4,6760.12,0.15,5746.1,3996.81,1749.29,Delayed,51,2025-02-23 03:00:00,Feb,2,Q1
ORD00577,2025-12-05,CUST0065,EMP002,Hyderabad,Beauty,Face Wash,4,17217.04,0.1,15495.34,12273.78,3221.56,Cancelled,22,2025-12-05 22:00:00,Dec,12,Q4
ORD00578,2025-05-24,CUST0062,EMP002,Ahmedabad,Home & Kitchen,Storage Box,3,7362.51,0.05,6994.38,5289.56,1704.82,Cancelled,24,2025-05-25 00:00:00,May,5,Q2
ORD00579,2025-03-10,CUST0258,EMP001,Bengaluru,Beauty,Hair Dryer,6,37523.64,0.05,35647.46,29652.46,5995.0,Cancelled,12,2025-03-10 12:00:00,Mar,3,Q1
ORD00580,2025-04-09,CUST0134,EMP004,Hyderabad,Home & Kitchen,Storage Box,3,2369.4,0.15,2013.99,1641.02,372.97,Completed,41,2025-04-10 17:00:00,Apr,4,Q2
ORD00581,2025-01-25,CUST0122,EMP010,Bengaluru,Electronics,Wireless Mouse,7,39862.76,0.1,35876.48,20221.91,15654.57,Cancelled,15,2025-01-25 15:00:00,Jan,1,Q1
ORD00582,2025-02-22,CUST0171,EMP009,Kolkata,Beauty,Perfume,4,8534.52,0.05,8107.79,5473.02,2634.77,Completed,35,2025-02-23 11:00:00,Feb,2,Q1
ORD00583,2025-05-31,CUST0210,EMP007,Bengaluru,Beauty,Moisturizer,2,8470.96,0.2,6776.77,3804.86,2971.91,Cancelled,24,2025-06-01 00:00:00,May,5,Q2
ORD00584,2025-05-24,CUST0296,EMP010,Delhi,Electronics,USB Hub,4,10155.4,0.0,10155.4,5927.55,4227.85,Completed,42,2025-05-25 18:00:00,May,5,Q2
ORD00585,2025-02-26,CUST0089,EMP007,Hyderabad,Beauty,Moisturizer,6,37110.72,0.2,29688.58,22220.88,7467.7,Completed,23,2025-02-26 23:00:00,Feb,2,Q1
ORD00586,2025-02-08,CUST0167,EMP007,Ahmedabad,Home & Kitchen,Water Bottle,3,24129.93,0.25,18097.45,15172.2,2925.25,Completed,21,2025-02-08 21:00:00,Feb,2,Q1
ORD00587,2025-04-19,CUST0028,EMP008,Hyderabad,Beauty,Moisturizer,2,15615.18,0.2,12492.14,7364.64,5127.5,Completed,18,2025-04-19 18:00:00,Apr,4,Q2
ORD00588,2025-06-30,CUST0238,EMP001,Kolkata,Fashion,T-Shirt,4,20086.44,0.15,17073.47,11931.96,5141.51,Completed,25,2025-07-01 01:00:00,Jun,6,Q2
ORD00589,2025-02-11,CUST0063,EMP010,Bengaluru,Office Supplies,Desk Organizer,5,20064.0,0.05,19060.8,16212.93,2847.87,Cancelled,9,2025-02-11 09:00:00,Feb,2,Q1
ORD00590,2025-07-05,CUST0255,EMP010,Pune,Home & Kitchen,Cookware Set,6,41896.86,0.05,39802.02,32586.68,7215.34,Completed,24,2025-07-06 00:00:00,Jul,7,Q3
ORD00591,2025-08-11,CUST0041,EMP008,Ahmedabad,Fashion,T-Shirt,6,35134.68,0.15,29864.48,21546.94,8317.54,Cancelled,5,2025-08-11 05:00:00,Aug,8,Q3
ORD00592,2025-05-02,CUST0029,EMP004,Hyderabad,Electronics,Keyboard,5,8413.8,0.05,7993.11,6431.4,1561.71,Delayed,56,2025-05-04 08:00:00,May,5,Q2
ORD00593,2025-05-13,CUST0279,EMP004,Kolkata,Home & Kitchen,Mixer Grinder,4,28018.72,0.0,28018.72,20243.22,7775.5,Completed,46,2025-05-14 22:00:00,May,5,Q2
ORD00594,2025-06-12,CUST0080,EMP004,Ahmedabad,Office Supplies,File Folder,6,22387.08,0.15,19029.02,11458.71,7570.31,Completed,21,2025-06-12 21:00:00,Jun,6,Q2
ORD00595,2025-08-03,CUST0051,EMP006,Chennai,Office Supplies,Notebook,2,3456.06,0.05,3283.26,1940.94,1342.32,Completed,26,2025-08-04 02:00:00,Aug,8,Q3
ORD00596,2025-08-09,CUST0112,EMP007,Chennai,Electronics,Wireless Mouse,4,10012.04,0.2,8009.63,4903.19,3106.44,Delayed,71,2025-08-11 23:00:00,Aug,8,Q3
ORD00597,2025-08-23,CUST0090,EMP006,Bengaluru,Electronics,Keyboard,4,9535.4,0.15,8105.09,5396.4,2708.69,Completed,44,2025-08-24 20:00:00,Aug,8,Q3
ORD00598,2025-11-27,CUST0229,EMP001,Mumbai,Home & Kitchen,Storage Box,3,13456.14,0.15,11437.72,9802.98,1634.74,Completed,12,2025-11-27 12:00:00,Nov,11,Q4
ORD00599,2025-05-26,CUST0150,EMP008,Bengaluru,Beauty,Hair Dryer,6,12641.94,0.15,10745.65,8745.82,1999.83,Cancelled,14,2025-05-26 14:00:00,May,5,Q2
ORD00600,2025-08-27,CUST0243,EMP010,Kolkata,Electronics,USB Hub,6,7090.68,0.2,5672.54,3930.07,1742.47,Completed,44,2025-08-28 20:00:00,Aug,8,Q3
ORD00601,2025-03-17,CUST0138,EMP007,Bengaluru,Beauty,Perfume,5,5914.1,0.15,5026.99,3582.81,1444.18,Completed,4,2025-03-17 04:00:00,Mar,3,Q1
ORD00602,2025-01-09,CUST0135,EMP006,Pune,Fashion,T-Shirt,3,15061.08,0.1,13554.97,8643.34,4911.63,Completed,5,2025-01-09 05:00:00,Jan,1,Q1
ORD00603,2025-03-15,CUST0089,EMP006,Pune,Office Supplies,Desk Organizer,7,43996.68,0.05,41796.85,32703.38,9093.47,Completed,7,2025-03-15 07:00:00,Mar,3,Q1
ORD00604,2025-09-10,CUST0015,EMP005,Delhi,Beauty,Shampoo,3,8504.4,0.2,6803.52,5544.27,1259.25,Pending,9,2025-09-10 09:00:00,Sep,9,Q3
ORD00605,2025-08-18,CUST0174,EMP006,Kolkata,Office Supplies,Calculator,6,2635.98,0.15,2240.58,1408.96,831.62,Cancelled,16,2025-08-18 16:00:00,Aug,8,Q3
ORD00606,2025-01-07,CUST0090,EMP009,Mumbai,Beauty,Face Wash,4,4849.32,0.1,4364.39,2460.65,1903.74,Cancelled,0,2025-01-07 00:00:00,Jan,1,Q1
ORD00607,2025-06-23,CUST0213,EMP010,Ahmedabad,Fashion,Jeans,3,23363.1,0.0,23363.1,17659.78,5703.32,Completed,5,2025-06-23 05:00:00,Jun,6,Q2
ORD00608,2025-05-21,CUST0061,EMP009,Kolkata,Electronics,Keyboard,5,21355.45,0.1,19219.91,14138.72,5081.19,Cancelled,12,2025-05-21 12:00:00,May,5,Q2
ORD00609,2025-06-17,CUST0220,EMP010,Kolkata,Fashion,T-Shirt,3,11811.99,0.0,11811.99,8064.08,3747.91,Cancelled,23,2025-06-17 23:00:00,Jun,6,Q2
ORD00610,2025-06-19,CUST0061,EMP008,Mumbai,Electronics,Keyboard,5,2338.55,0.2,1870.84,1426.49,444.35,Completed,23,2025-06-19 23:00:00,Jun,6,Q2
ORD00611,2025-10-10,CUST0166,EMP010,Kolkata,Electronics,Wireless Mouse,7,43638.84,0.25,32729.13,23947.98,8781.15,Delayed,67,2025-10-12 19:00:00,Oct,10,Q4
ORD00612,2025-05-02,CUST0012,EMP009,Mumbai,Office Supplies,Notebook,3,13678.11,0.0,13678.11,8654.03,5024.08,Cancelled,9,2025-05-02 09:00:00,May,5,Q2
ORD00613,2025-07-13,CUST0216,EMP010,Mumbai,Fashion,Backpack,5,9186.9,0.1,8268.21,5632.72,2635.49,Cancelled,5,2025-07-13 05:00:00,Jul,7,Q3
ORD00614,2025-01-05,CUST0077,EMP008,Mumbai,Beauty,Perfume,3,3207.36,0.0,3207.36,2217.18,990.18,Completed,31,2025-01-06 07:00:00,Jan,1,Q1
ORD00615,2025-01-29,CUST0232,EMP008,Kolkata,Fashion,Jeans,7,23459.03,0.15,19940.18,16759.36,3180.82,Delayed,53,2025-01-31 05:00:00,Jan,1,Q1
ORD00616,2025-06-14,CUST0112,EMP001,Kolkata,Office Supplies,Pen Set,3,21420.9,0.05,20349.86,17645.33,2704.53,Completed,26,2025-06-15 02:00:00,Jun,6,Q2
ORD00617,2025-12-05,CUST0066,EMP010,Bengaluru,Electronics,Headphones,2,14750.42,0.1,13275.38,11213.59,2061.79,Completed,35,2025-12-06 11:00:00,Dec,12,Q4
ORD00618,2025-05-16,CUST0182,EMP005,Kolkata,Office Supplies,File Folder,5,25918.85,0.05,24622.91,19386.32,5236.59,Completed,11,2025-05-16 11:00:00,May,5,Q2
ORD00619,2025-12-31,CUST0204,EMP004,Bengaluru,Home & Kitchen,Storage Box,7,43574.51,0.0,43574.51,32377.94,11196.57,Cancelled,7,2025-12-31 07:00:00,Dec,12,Q4
ORD00620,2025-11-17,CUST0206,EMP002,Delhi,Home & Kitchen,Table Lamp,5,5557.75,0.05,5279.86,4104.86,1175.0,Cancelled,8,2025-11-17 08:00:00,Nov,11,Q4
ORD00621,2025-12-08,CUST0286,EMP008,Chennai,Beauty,Hair Dryer,5,25304.25,0.0,25304.25,21759.28,3544.97,Completed,19,2025-12-08 19:00:00,Dec,12,Q4
ORD00622,2025-05-25,CUST0105,EMP003,Chennai,Office Supplies,Calculator,1,5719.16,0.1,5147.24,3255.63,1891.61,Completed,43,2025-05-26 19:00:00,May,5,Q2
ORD00623,2025-11-23,CUST0242,EMP004,Delhi,Beauty,Face Wash,7,12781.65,0.0,12781.65,9287.02,3494.63,Completed,45,2025-11-24 21:00:00,Nov,11,Q4
ORD00624,2025-08-05,CUST0235,EMP007,Delhi,Beauty,Shampoo,3,22497.87,0.1,20248.08,15744.31,4503.77,Cancelled,7,2025-08-05 07:00:00,Aug,8,Q3
ORD00625,2025-10-28,CUST0176,EMP010,Hyderabad,Home & Kitchen,Cookware Set,5,8891.1,0.2,7112.88,5506.45,1606.43,Completed,43,2025-10-29 19:00:00,Oct,10,Q4
ORD00626,2025-05-12,CUST0211,EMP009,Bengaluru,Beauty,Face Wash,6,16605.24,0.15,14114.45,8938.0,5176.45,Cancelled,12,2025-05-12 12:00:00,May,5,Q2
ORD00627,2025-10-19,CUST0031,EMP002,Mumbai,Home & Kitchen,Water Bottle,1,5331.65,0.2,4265.32,3171.78,1093.54,Completed,21,2025-10-19 21:00:00,Oct,10,Q4
ORD00628,2025-03-11,CUST0235,EMP003,Ahmedabad,Electronics,Keyboard,2,10960.44,0.2,8768.35,7125.61,1642.74,Pending,1,2025-03-11 01:00:00,Mar,3,Q1
ORD00629,2025-09-09,CUST0242,EMP004,Hyderabad,Office Supplies,File Folder,5,29949.3,0.0,29949.3,21167.45,8781.85,Completed,18,2025-09-09 18:00:00,Sep,9,Q3
ORD00630,2025-10-02,CUST0153,EMP010,Pune,Beauty,Moisturizer,5,5426.5,0.0,5426.5,4405.17,1021.33,Delayed,90,2025-10-05 18:00:00,Oct,10,Q4
ORD00631,2025-12-30,CUST0196,EMP001,Bengaluru,Home & Kitchen,Mixer Grinder,1,7243.03,0.1,6518.73,4359.47,2159.26,Completed,20,2025-12-30 20:00:00,Dec,12,Q4
ORD00632,2025-07-01,CUST0269,EMP007,Kolkata,Fashion,Backpack,3,13797.81,0.2,11038.25,9490.59,1547.66,Cancelled,17,2025-07-01 17:00:00,Jul,7,Q3
ORD00633,2025-06-16,CUST0170,EMP002,Delhi,Beauty,Shampoo,6,24513.24,0.25,18384.93,13351.07,5033.86,Completed,5,2025-06-16 05:00:00,Jun,6,Q2
ORD00634,2025-04-01,CUST0232,EMP005,Chennai,Electronics,Headphones,2,16684.34,0.0,16684.34,12457.58,4226.76,Delayed,50,2025-04-03 02:00:00,Apr,4,Q2
ORD00635,2025-07-21,CUST0184,EMP001,Bengaluru,Electronics,USB Hub,5,31660.8,0.05,30077.76,16854.05,13223.71,Delayed,67,2025-07-23 19:00:00,Jul,7,Q3
ORD00636,2025-12-12,CUST0275,EMP003,Delhi,Fashion,Backpack,3,3406.05,0.05,3235.75,1961.48,1274.27,Completed,44,2025-12-13 20:00:00,Dec,12,Q4
ORD00637,2025-01-19,CUST0032,EMP002,Ahmedabad,Home & Kitchen,Water Bottle,7,45269.7,0.15,38479.24,29200.67,9278.57,Completed,44,2025-01-20 20:00:00,Jan,1,Q1
ORD00638,2025-02-08,CUST0177,EMP001,Ahmedabad,Beauty,Face Wash,6,5671.98,0.1,5104.78,3514.93,1589.85,Completed,37,2025-02-09 13:00:00,Feb,2,Q1
ORD00639,2025-05-06,CUST0065,EMP007,Bengaluru,Home & Kitchen,Cookware Set,7,2655.66,0.0,2655.66,1905.95,749.71,Delayed,89,2025-05-09 17:00:00,May,5,Q2
ORD00640,2025-06-22,CUST0198,EMP005,Kolkata,Electronics,Headphones,6,21121.68,0.1,19009.51,10850.26,8159.25,Completed,6,2025-06-22 06:00:00,Jun,6,Q2
ORD00641,2025-05-21,CUST0027,EMP001,Bengaluru,Home & Kitchen,Water Bottle,2,16892.76,0.1,15203.48,12546.89,2656.59,Cancelled,19,2025-05-21 19:00:00,May,5,Q2
ORD00642,2025-08-30,CUST0151,EMP006,Kolkata,Electronics,Power Bank,4,6441.12,0.15,5474.95,4428.62,1046.33,Completed,17,2025-08-30 17:00:00,Aug,8,Q3
ORD00643,2025-08-08,CUST0268,EMP005,Bengaluru,Home & Kitchen,Cookware Set,6,34599.48,0.0,34599.48,21146.05,13453.43,Pending,6,2025-08-08 06:00:00,Aug,8,Q3
ORD00644,2025-05-06,CUST0085,EMP003,Pune,Fashion,Jacket,4,6391.44,0.2,5113.15,3882.56,1230.59,Completed,41,2025-05-07 17:00:00,May,5,Q2
ORD00645,2025-02-27,CUST0066,EMP007,Chennai,Office Supplies,Desk Organizer,7,43413.79,0.1,39072.41,32041.1,7031.31,Completed,38,2025-02-28 14:00:00,Feb,2,Q1
ORD00646,2025-05-28,CUST0133,EMP010,Bengaluru,Fashion,Jeans,6,26218.2,0.15,22285.47,16969.98,5315.49,Completed,4,2025-05-28 04:00:00,May,5,Q2
ORD00647,2025-11-13,CUST0082,EMP009,Delhi,Fashion,Jeans,2,11655.52,0.15,9907.19,6463.76,3443.43,Completed,32,2025-11-14 08:00:00,Nov,11,Q4
ORD00648,2025-12-27,CUST0098,EMP009,Pune,Office Supplies,File Folder,1,1843.99,0.0,1843.99,1413.45,430.54,Completed,7,2025-12-27 07:00:00,Dec,12,Q4
ORD00649,2025-01-01,CUST0073,EMP009,Ahmedabad,Office Supplies,File Folder,2,12752.0,0.0,12752.0,7899.26,4852.74,Completed,36,2025-01-02 12:00:00,Jan,1,Q1
ORD00650,2025-12-14,CUST0030,EMP002,Hyderabad,Beauty,Moisturizer,2,16926.84,0.15,14387.81,9424.36,4963.45,Completed,20,2025-12-14 20:00:00,Dec,12,Q4
ORD00651,2025-07-09,CUST0125,EMP003,Bengaluru,Beauty,Perfume,1,5708.18,0.0,5708.18,3591.72,2116.46,Completed,31,2025-07-10 07:00:00,Jul,7,Q3
ORD00652,2025-07-10,CUST0210,EMP007,Kolkata,Fashion,Sneakers,1,4270.56,0.15,3629.98,2663.63,966.35,Cancelled,19,2025-07-10 19:00:00,Jul,7,Q3
ORD00653,2025-11-08,CUST0272,EMP005,Pune,Fashion,Jacket,3,23575.5,0.15,20039.18,11737.24,8301.94,Completed,11,2025-11-08 11:00:00,Nov,11,Q4
ORD00654,2025-04-27,CUST0213,EMP002,Mumbai,Electronics,Headphones,6,1694.16,0.15,1440.04,1235.54,204.5,Completed,37,2025-04-28 13:00:00,Apr,4,Q2
ORD00655,2025-05-14,CUST0133,EMP003,Hyderabad,Electronics,Wireless Mouse,7,43714.02,0.05,41528.32,27411.14,14117.18,Pending,23,2025-05-14 23:00:00,May,5,Q2
ORD00656,2025-02-27,CUST0157,EMP010,Chennai,Beauty,Hair Dryer,3,22713.09,0.05,21577.44,13426.78,8150.66,Delayed,88,2025-03-02 16:00:00,Feb,2,Q1
ORD00657,2025-02-13,CUST0047,EMP006,Bengaluru,Beauty,Face Wash,1,664.98,0.1,598.48,427.23,171.25,Completed,30,2025-02-14 06:00:00,Feb,2,Q1
ORD00658,2025-06-22,CUST0022,EMP007,Bengaluru,Electronics,Power Bank,4,15632.16,0.0,15632.16,10026.61,5605.55,Cancelled,7,2025-06-22 07:00:00,Jun,6,Q2
ORD00659,2025-06-09,CUST0083,EMP009,Pune,Electronics,USB Hub,7,13015.87,0.15,11063.49,8037.83,3025.66,Pending,15,2025-06-09 15:00:00,Jun,6,Q2
ORD00660,2025-06-22,CUST0234,EMP001,Ahmedabad,Home & Kitchen,Table Lamp,4,19521.72,0.15,16593.46,11034.78,5558.68,Pending,12,2025-06-22 12:00:00,Jun,6,Q2
ORD00661,2025-11-13,CUST0060,EMP007,Chennai,Home & Kitchen,Water Bottle,2,11147.36,0.05,10589.99,6286.03,4303.96,Pending,22,2025-11-13 22:00:00,Nov,11,Q4
ORD00662,2025-10-30,CUST0188,EMP008,Mumbai,Electronics,Power Bank,5,13384.5,0.15,11376.82,7255.51,4121.31,Completed,25,2025-10-31 01:00:00,Oct,10,Q4
ORD00663,2025-05-29,CUST0058,EMP003,Hyderabad,Home & Kitchen,Cookware Set,2,7981.7,0.0,7981.7,5544.77,2436.93,Completed,19,2025-05-29 19:00:00,May,5,Q2
ORD00664,2025-03-21,CUST0259,EMP004,Delhi,Office Supplies,Calculator,2,4964.96,0.05,4716.71,2641.34,2075.37,Delayed,64,2025-03-23 16:00:00,Mar,3,Q1
ORD00665,2025-08-01,CUST0162,EMP010,Chennai,Beauty,Perfume,5,16172.1,0.25,12129.08,9755.57,2373.51,Pending,17,2025-08-01 17:00:00,Aug,8,Q3
ORD00666,2025-07-22,CUST0002,EMP006,Bengaluru,Beauty,Hair Dryer,6,8892.96,0.25,6669.72,5036.99,1632.73,Delayed,74,2025-07-25 02:00:00,Jul,7,Q3
ORD00667,2025-09-09,CUST0271,EMP010,Pune,Electronics,Keyboard,1,7544.42,0.1,6789.98,5081.95,1708.03,Completed,4,2025-09-09 04:00:00,Sep,9,Q3
ORD00668,2025-08-17,CUST0143,EMP007,Mumbai,Fashion,Jacket,4,934.36,0.2,747.49,545.81,201.68,Pending,14,2025-08-17 14:00:00,Aug,8,Q3
ORD00669,2025-06-13,CUST0188,EMP004,Pune,Electronics,Power Bank,2,15036.24,0.1,13532.62,10079.14,3453.48,Completed,6,2025-06-13 06:00:00,Jun,6,Q2
ORD00670,2025-08-15,CUST0224,EMP008,Hyderabad,Home & Kitchen,Cookware Set,5,24617.6,0.05,23386.72,20075.98,3310.74,Pending,16,2025-08-15 16:00:00,Aug,8,Q3
ORD00671,2025-05-27,CUST0180,EMP005,Kolkata,Fashion,Jacket,3,8758.02,0.05,8320.12,4599.59,3720.53,Completed,33,2025-05-28 09:00:00,May,5,Q2
ORD00672,2025-01-20,CUST0023,EMP001,Kolkata,Home & Kitchen,Table Lamp,2,12375.06,0.2,9900.05,5601.19,4298.86,Completed,12,2025-01-20 12:00:00,Jan,1,Q1
ORD00673,2025-02-16,CUST0037,EMP004,Chennai,Office Supplies,Calculator,4,17558.92,0.0,17558.92,10767.0,6791.92,Completed,40,2025-02-17 16:00:00,Feb,2,Q1
ORD00674,2025-08-21,CUST0107,EMP003,Pune,Home & Kitchen,Storage Box,1,4317.56,0.1,3885.8,2351.72,1534.08,Completed,4,2025-08-21 04:00:00,Aug,8,Q3
ORD00675,2025-11-01,CUST0297,EMP009,Delhi,Office Supplies,Desk Organizer,2,2139.38,0.1,1925.44,1174.12,751.32,Completed,45,2025-11-02 21:00:00,Nov,11,Q4
ORD00676,2025-01-14,CUST0229,EMP008,Delhi,Office Supplies,Desk Organizer,2,6804.92,0.15,5784.18,4463.89,1320.29,Completed,7,2025-01-14 07:00:00,Jan,1,Q1
ORD00677,2025-05-23,CUST0097,EMP001,Kolkata,Home & Kitchen,Storage Box,6,12977.34,0.1,11679.61,8194.76,3484.85,Completed,18,2025-05-23 18:00:00,May,5,Q2
ORD00678,2025-01-01,CUST0281,EMP006,Kolkata,Home & Kitchen,Table Lamp,5,1405.3,0.05,1335.04,1171.21,163.83,Completed,30,2025-01-02 06:00:00,Jan,1,Q1
ORD00679,2025-02-23,CUST0110,EMP009,Pune,Office Supplies,Pen Set,3,9470.49,0.0,9470.49,5917.85,3552.64,Cancelled,9,2025-02-23 09:00:00,Feb,2,Q1
ORD00680,2025-09-16,CUST0037,EMP007,Ahmedabad,Fashion,Jacket,3,2700.03,0.1,2430.03,1585.77,844.26,Completed,26,2025-09-17 02:00:00,Sep,9,Q3
ORD00681,2025-05-24,CUST0040,EMP004,Bengaluru,Office Supplies,Calculator,7,16061.71,0.15,13652.45,11943.16,1709.29,Completed,18,2025-05-24 18:00:00,May,5,Q2
ORD00682,2025-01-12,CUST0085,EMP001,Pune,Beauty,Moisturizer,1,922.51,0.1,830.26,684.53,145.73,Completed,30,2025-01-13 06:00:00,Jan,1,Q1
ORD00683,2025-11-26,CUST0188,EMP002,Mumbai,Office Supplies,Desk Organizer,7,6950.02,0.15,5907.52,4165.0,1742.52,Completed,34,2025-11-27 10:00:00,Nov,11,Q4
ORD00684,2025-08-12,CUST0240,EMP005,Chennai,Fashion,Jacket,4,7246.96,0.0,7246.96,5312.14,1934.82,Completed,42,2025-08-13 18:00:00,Aug,8,Q3
ORD00685,2025-09-29,CUST0019,EMP005,Hyderabad,Beauty,Perfume,1,8498.74,0.2,6798.99,5631.25,1167.74,Completed,11,2025-09-29 11:00:00,Sep,9,Q3
ORD00686,2025-12-24,CUST0261,EMP008,Ahmedabad,Electronics,Wireless Mouse,2,336.48,0.1,302.83,214.62,88.21,Completed,33,2025-12-25 09:00:00,Dec,12,Q4
ORD00687,2025-06-05,CUST0158,EMP006,Delhi,Electronics,Power Bank,2,10965.84,0.0,10965.84,6776.76,4189.08,Delayed,56,2025-06-07 08:00:00,Jun,6,Q2
ORD00688,2025-01-08,CUST0112,EMP008,Ahmedabad,Fashion,Jeans,3,3988.14,0.1,3589.33,2955.41,633.92,Completed,21,2025-01-08 21:00:00,Jan,1,Q1
ORD00689,2025-05-02,CUST0144,EMP002,Pune,Office Supplies,Pen Set,4,31348.96,0.15,26646.62,19384.48,7262.14,Delayed,74,2025-05-05 02:00:00,May,5,Q2
ORD00690,2025-12-14,CUST0256,EMP003,Mumbai,Home & Kitchen,Table Lamp,5,4659.15,0.2,3727.32,2238.27,1489.05,Completed,46,2025-12-15 22:00:00,Dec,12,Q4
ORD00691,2025-06-13,CUST0018,EMP006,Ahmedabad,Fashion,Sneakers,4,32499.12,0.05,30874.16,22131.94,8742.22,Cancelled,6,2025-06-13 06:00:00,Jun,6,Q2
ORD00692,2025-03-31,CUST0184,EMP010,Kolkata,Beauty,Hair Dryer,2,10502.48,0.15,8927.11,6127.19,2799.92,Completed,6,2025-03-31 06:00:00,Mar,3,Q1
ORD00693,2025-05-16,CUST0287,EMP003,Delhi,Beauty,Moisturizer,5,802.95,0.0,802.95,673.96,128.99,Completed,18,2025-05-16 18:00:00,May,5,Q2
ORD00694,2025-07-05,CUST0131,EMP006,Ahmedabad,Electronics,Keyboard,4,30459.84,0.0,30459.84,18019.99,12439.85,Delayed,89,2025-07-08 17:00:00,Jul,7,Q3
ORD00695,2025-11-12,CUST0281,EMP006,Delhi,Beauty,Hair Dryer,4,18025.16,0.1,16222.64,13607.86,2614.78,Completed,41,2025-11-13 17:00:00,Nov,11,Q4
ORD00696,2025-06-27,CUST0245,EMP002,Hyderabad,Fashion,Backpack,5,11716.45,0.1,10544.8,7582.02,2962.78,Delayed,60,2025-06-29 12:00:00,Jun,6,Q2
ORD00697,2025-01-28,CUST0008,EMP007,Delhi,Beauty,Hair Dryer,2,13113.56,0.15,11146.53,7617.99,3528.54,Delayed,95,2025-01-31 23:00:00,Jan,1,Q1
ORD00698,2025-08-08,CUST0193,EMP002,Ahmedabad,Fashion,Sneakers,4,31550.64,0.05,29973.11,18087.25,11885.86,Completed,4,2025-08-08 04:00:00,Aug,8,Q3
ORD00699,2025-12-23,CUST0007,EMP006,Mumbai,Home & Kitchen,Cookware Set,5,20944.1,0.0,20944.1,16363.0,4581.1,Pending,9,2025-12-23 09:00:00,Dec,12,Q4
ORD00700,2025-02-10,CUST0136,EMP001,Delhi,Electronics,Power Bank,6,16709.22,0.1,15038.3,12870.47,2167.83,Pending,16,2025-02-10 16:00:00,Feb,2,Q1
ORD00701,2025-08-16,CUST0019,EMP003,Delhi,Beauty,Perfume,6,40426.14,0.0,40426.14,27242.15,13183.99,Completed,19,2025-08-16 19:00:00,Aug,8,Q3
ORD00702,2025-07-11,CUST0139,EMP002,Pune,Fashion,T-Shirt,2,11685.82,0.0,11685.82,7358.83,4326.99,Completed,41,2025-07-12 17:00:00,Jul,7,Q3
ORD00703,2025-05-25,CUST0177,EMP007,Pune,Office Supplies,File Folder,5,37855.4,0.05,35962.63,26364.42,9598.21,Completed,13,2025-05-25 13:00:00,May,5,Q2
ORD00704,2025-07-20,CUST0011,EMP004,Kolkata,Electronics,Headphones,6,35594.94,0.05,33815.19,27483.0,6332.19,Completed,45,2025-07-21 21:00:00,Jul,7,Q3
ORD00705,2025-07-31,CUST0041,EMP008,Chennai,Home & Kitchen,Cookware Set,5,10917.3,0.05,10371.44,5717.19,4654.25,Completed,40,2025-08-01 16:00:00,Jul,7,Q3
ORD00706,2025-08-08,CUST0114,EMP006,Bengaluru,Fashion,T-Shirt,4,31717.4,0.1,28545.66,21647.73,6897.93,Pending,11,2025-08-08 11:00:00,Aug,8,Q3
ORD00707,2025-08-28,CUST0180,EMP010,Mumbai,Home & Kitchen,Cookware Set,2,2050.76,0.0,2050.76,1531.61,519.15,Completed,31,2025-08-29 07:00:00,Aug,8,Q3
ORD00708,2025-02-15,CUST0194,EMP004,Bengaluru,Home & Kitchen,Mixer Grinder,6,14323.92,0.0,14323.92,9382.03,4941.89,Completed,15,2025-02-15 15:00:00,Feb,2,Q1
ORD00709,2025-02-04,CUST0196,EMP005,Bengaluru,Beauty,Perfume,7,31455.34,0.1,28309.81,19787.7,8522.11,Completed,23,2025-02-04 23:00:00,Feb,2,Q1
ORD00710,2025-09-10,CUST0225,EMP009,Delhi,Beauty,Shampoo,4,19495.8,0.0,19495.8,12311.56,7184.24,Delayed,90,2025-09-13 18:00:00,Sep,9,Q3
ORD00711,2025-03-23,CUST0261,EMP007,Ahmedabad,Fashion,Jeans,7,1944.88,0.1,1750.39,1418.98,331.41,Delayed,53,2025-03-25 05:00:00,Mar,3,Q1
ORD00712,2025-09-13,CUST0116,EMP010,Kolkata,Office Supplies,Calculator,7,46674.46,0.0,46674.46,35444.42,11230.04,Completed,32,2025-09-14 08:00:00,Sep,9,Q3
ORD00713,2025-07-16,CUST0150,EMP009,Hyderabad,Fashion,Sneakers,1,3169.42,0.05,3010.95,2185.33,825.62,Completed,15,2025-07-16 15:00:00,Jul,7,Q3
ORD00714,2025-10-30,CUST0118,EMP007,Ahmedabad,Office Supplies,File Folder,1,3543.59,0.0,3543.59,2407.99,1135.6,Cancelled,24,2025-10-31 00:00:00,Oct,10,Q4
ORD00715,2025-01-10,CUST0165,EMP001,Ahmedabad,Home & Kitchen,Table Lamp,2,13816.48,0.0,13816.48,8927.61,4888.87,Completed,47,2025-01-11 23:00:00,Jan,1,Q1
ORD00716,2025-11-08,CUST0252,EMP008,Hyderabad,Electronics,Keyboard,6,19902.12,0.1,17911.91,14714.69,3197.22,Delayed,60,2025-11-10 12:00:00,Nov,11,Q4
ORD00717,2025-10-13,CUST0267,EMP004,Delhi,Fashion,Sneakers,6,3265.98,0.2,2612.78,1826.24,786.54,Cancelled,16,2025-10-13 16:00:00,Oct,10,Q4
ORD00718,2025-08-30,CUST0044,EMP003,Kolkata,Fashion,Jacket,6,9739.62,0.0,9739.62,6968.48,2771.14,Completed,20,2025-08-30 20:00:00,Aug,8,Q3
ORD00719,2025-09-08,CUST0181,EMP007,Mumbai,Office Supplies,Desk Organizer,5,40658.95,0.05,38626.0,27883.09,10742.91,Completed,13,2025-09-08 13:00:00,Sep,9,Q3
ORD00720,2025-12-31,CUST0077,EMP003,Bengaluru,Home & Kitchen,Water Bottle,4,2951.52,0.15,2508.79,1751.04,757.75,Completed,21,2025-12-31 21:00:00,Dec,12,Q4
ORD00721,2025-01-05,CUST0116,EMP008,Chennai,Home & Kitchen,Table Lamp,6,18682.08,0.1,16813.87,10668.55,6145.32,Cancelled,18,2025-01-05 18:00:00,Jan,1,Q1
ORD00722,2025-04-29,CUST0067,EMP006,Kolkata,Office Supplies,Pen Set,4,17406.2,0.15,14795.27,8724.95,6070.32,Pending,0,2025-04-29 00:00:00,Apr,4,Q2
ORD00723,2025-10-16,CUST0013,EMP005,Bengaluru,Home & Kitchen,Mixer Grinder,2,8537.78,0.0,8537.78,4973.4,3564.38,Completed,4,2025-10-16 04:00:00,Oct,10,Q4
ORD00724,2025-03-06,CUST0092,EMP004,Hyderabad,Beauty,Shampoo,7,1281.49,0.25,961.12,768.86,192.26,Cancelled,13,2025-03-06 13:00:00,Mar,3,Q1
ORD00725,2025-05-26,CUST0246,EMP008,Bengaluru,Electronics,Power Bank,6,26008.26,0.05,24707.85,15411.87,9295.98,Cancelled,3,2025-05-26 03:00:00,May,5,Q2
ORD00726,2025-08-12,CUST0267,EMP008,Pune,Fashion,Backpack,2,6709.0,0.05,6373.55,3622.55,2751.0,Pending,4,2025-08-12 04:00:00,Aug,8,Q3
ORD00727,2025-08-27,CUST0139,EMP001,Pune,Electronics,Keyboard,6,49601.16,0.2,39680.93,32267.77,7413.16,Completed,39,2025-08-28 15:00:00,Aug,8,Q3
ORD00728,2025-06-26,CUST0244,EMP009,Chennai,Fashion,Backpack,1,1478.98,0.1,1331.08,799.77,531.31,Completed,34,2025-06-27 10:00:00,Jun,6,Q2
ORD00729,2025-09-24,CUST0273,EMP005,Mumbai,Beauty,Face Wash,3,9321.57,0.1,8389.41,6344.9,2044.51,Completed,34,2025-09-25 10:00:00,Sep,9,Q3
ORD00730,2025-12-07,CUST0191,EMP004,Bengaluru,Home & Kitchen,Table Lamp,2,7305.34,0.15,6209.54,4109.18,2100.36,Delayed,93,2025-12-10 21:00:00,Dec,12,Q4
ORD00731,2025-10-09,CUST0097,EMP006,Pune,Office Supplies,Calculator,6,20473.74,0.1,18426.37,10903.59,7522.78,Completed,22,2025-10-09 22:00:00,Oct,10,Q4
ORD00732,2025-03-04,CUST0205,EMP006,Mumbai,Beauty,Moisturizer,3,17129.07,0.0,17129.07,11763.88,5365.19,Completed,15,2025-03-04 15:00:00,Mar,3,Q1
ORD00733,2025-08-05,CUST0137,EMP002,Kolkata,Electronics,USB Hub,2,3899.06,0.1,3509.15,1947.18,1561.97,Pending,24,2025-08-06 00:00:00,Aug,8,Q3
ORD00734,2025-12-08,CUST0077,EMP008,Kolkata,Office Supplies,Pen Set,5,9979.75,0.0,9979.75,8258.69,1721.06,Completed,34,2025-12-09 10:00:00,Dec,12,Q4
ORD00735,2025-11-11,CUST0037,EMP007,Pune,Home & Kitchen,Storage Box,6,37433.46,0.15,31818.44,22891.91,8926.53,Completed,48,2025-11-13 00:00:00,Nov,11,Q4
ORD00736,2025-10-10,CUST0286,EMP001,Mumbai,Beauty,Perfume,5,21637.15,0.25,16227.86,9670.55,6557.31,Completed,25,2025-10-11 01:00:00,Oct,10,Q4
ORD00737,2025-06-26,CUST0135,EMP005,Mumbai,Office Supplies,Pen Set,1,3616.55,0.05,3435.72,2158.33,1277.39,Pending,18,2025-06-26 18:00:00,Jun,6,Q2
ORD00738,2025-04-08,CUST0142,EMP006,Pune,Beauty,Shampoo,6,9377.1,0.05,8908.25,6216.46,2691.79,Completed,26,2025-04-09 02:00:00,Apr,4,Q2
ORD00739,2025-04-15,CUST0254,EMP004,Delhi,Beauty,Shampoo,7,12010.95,0.0,12010.95,7354.63,4656.32,Cancelled,14,2025-04-15 14:00:00,Apr,4,Q2
ORD00740,2025-04-09,CUST0048,EMP002,Hyderabad,Home & Kitchen,Cookware Set,1,238.11,0.0,238.11,152.07,86.04,Completed,29,2025-04-10 05:00:00,Apr,4,Q2
ORD00741,2025-11-07,CUST0255,EMP004,Mumbai,Fashion,T-Shirt,3,2740.23,0.2,2192.18,1592.28,599.9,Pending,11,2025-11-07 11:00:00,Nov,11,Q4
ORD00742,2025-01-06,CUST0134,EMP001,Kolkata,Office Supplies,Calculator,2,9599.2,0.0,9599.2,7917.05,1682.15,Completed,26,2025-01-07 02:00:00,Jan,1,Q1
ORD00743,2025-07-16,CUST0290,EMP007,Delhi,Home & Kitchen,Storage Box,4,30388.56,0.05,28869.13,19706.27,9162.86,Cancelled,1,2025-07-16 01:00:00,Jul,7,Q3
ORD00744,2025-12-17,CUST0208,EMP002,Bengaluru,Beauty,Face Wash,1,2547.83,0.15,2165.66,1703.51,462.15,Cancelled,3,2025-12-17 03:00:00,Dec,12,Q4
ORD00745,2025-05-13,CUST0101,EMP002,Delhi,Home & Kitchen,Storage Box,4,11546.76,0.2,9237.41,7753.01,1484.4,Completed,43,2025-05-14 19:00:00,May,5,Q2
ORD00746,2025-12-24,CUST0046,EMP009,Pune,Fashion,Jacket,4,4461.24,0.1,4015.12,2494.91,1520.21,Delayed,68,2025-12-26 20:00:00,Dec,12,Q4
ORD00747,2025-09-16,CUST0070,EMP005,Delhi,Office Supplies,Desk Organizer,2,6790.14,0.1,6111.13,4988.96,1122.17,Completed,11,2025-09-16 11:00:00,Sep,9,Q3
ORD00748,2025-01-23,CUST0136,EMP002,Hyderabad,Fashion,Jeans,3,1382.4,0.1,1244.16,995.26,248.9,Completed,21,2025-01-23 21:00:00,Jan,1,Q1
ORD00749,2025-02-22,CUST0280,EMP009,Pune,Electronics,Keyboard,2,15623.94,0.25,11717.96,7825.13,3892.83,Completed,44,2025-02-23 20:00:00,Feb,2,Q1
ORD00750,2025-06-14,CUST0067,EMP009,Chennai,Office Supplies,Desk Organizer,6,34622.88,0.1,31160.59,27313.55,3847.04,Delayed,84,2025-06-17 12:00:00,Jun,6,Q2
ORD00751,2025-07-21,CUST0004,EMP001,Bengaluru,Fashion,T-Shirt,1,8422.75,0.1,7580.48,4826.1,2754.38,Pending,14,2025-07-21 14:00:00,Jul,7,Q3
ORD00752,2025-03-24,CUST0224,EMP003,Kolkata,Beauty,Face Wash,4,30086.28,0.0,30086.28,19077.26,11009.02,Completed,39,2025-03-25 15:00:00,Mar,3,Q1
ORD00753,2025-05-25,CUST0001,EMP004,Chennai,Office Supplies,File Folder,2,8198.94,0.0,8198.94,6598.88,1600.06,Cancelled,24,2025-05-26 00:00:00,May,5,Q2
ORD00754,2025-03-26,CUST0290,EMP007,Delhi,Office Supplies,Desk Organizer,2,8978.74,0.1,8080.87,5603.57,2477.3,Completed,40,2025-03-27 16:00:00,Mar,3,Q1
ORD00755,2025-03-19,CUST0109,EMP010,Mumbai,Home & Kitchen,Mixer Grinder,2,3482.62,0.2,2786.1,1836.49,949.61,Cancelled,21,2025-03-19 21:00:00,Mar,3,Q1
ORD00756,2025-01-01,CUST0265,EMP004,Delhi,Beauty,Perfume,1,4008.03,0.2,3206.42,1952.58,1253.84,Completed,42,2025-01-02 18:00:00,Jan,1,Q1
ORD00757,2025-02-20,CUST0063,EMP002,Ahmedabad,Electronics,USB Hub,3,23070.84,0.25,17303.13,13886.79,3416.34,Cancelled,24,2025-02-21 00:00:00,Feb,2,Q1
ORD00758,2025-06-22,CUST0266,EMP007,Kolkata,Fashion,Jeans,7,4022.41,0.1,3620.17,2930.48,689.69,Completed,10,2025-06-22 10:00:00,Jun,6,Q2
ORD00759,2025-07-24,CUST0138,EMP006,Kolkata,Home & Kitchen,Water Bottle,2,14721.4,0.15,12513.19,9221.8,3291.39,Delayed,50,2025-07-26 02:00:00,Jul,7,Q3
ORD00760,2025-09-17,CUST0044,EMP003,Ahmedabad,Fashion,Jeans,1,2996.91,0.15,2547.37,2205.8,341.57,Completed,23,2025-09-17 23:00:00,Sep,9,Q3
ORD00761,2025-10-15,CUST0262,EMP006,Mumbai,Electronics,Power Bank,4,30643.72,0.1,27579.35,18064.31,9515.04,Completed,13,2025-10-15 13:00:00,Oct,10,Q4
ORD00762,2025-02-03,CUST0216,EMP006,Chennai,Electronics,Power Bank,6,48038.1,0.05,45636.2,28407.36,17228.84,Cancelled,20,2025-02-03 20:00:00,Feb,2,Q1
ORD00763,2025-12-14,CUST0121,EMP005,Chennai,Office Supplies,File Folder,7,40262.04,0.1,36235.84,28030.74,8205.1,Completed,7,2025-12-14 07:00:00,Dec,12,Q4
ORD00764,2025-04-05,CUST0152,EMP004,Mumbai,Electronics,Keyboard,5,28489.7,0.2,22791.76,18239.67,4552.09,Delayed,65,2025-04-07 17:00:00,Apr,4,Q2
ORD00765,2025-03-13,CUST0213,EMP010,Hyderabad,Fashion,Backpack,7,27513.5,0.05,26137.82,16315.72,9822.1,Completed,27,2025-03-14 03:00:00,Mar,3,Q1
ORD00766,2025-02-08,CUST0234,EMP001,Ahmedabad,Beauty,Shampoo,7,49887.32,0.2,39909.86,22959.41,16950.45,Cancelled,12,2025-02-08 12:00:00,Feb,2,Q1
ORD00767,2025-06-03,CUST0111,EMP010,Bengaluru,Beauty,Moisturizer,1,8179.47,0.05,7770.5,6352.15,1418.35,Completed,44,2025-06-04 20:00:00,Jun,6,Q2
ORD00768,2025-09-07,CUST0222,EMP006,Pune,Office Supplies,File Folder,5,33109.65,0.15,28143.2,24547.78,3595.42,Completed,4,2025-09-07 04:00:00,Sep,9,Q3
ORD00769,2025-06-11,CUST0226,EMP002,Ahmedabad,Fashion,Jacket,2,10686.34,0.1,9617.71,7335.83,2281.88,Delayed,76,2025-06-14 04:00:00,Jun,6,Q2
ORD00770,2025-04-28,CUST0210,EMP003,Chennai,Fashion,Backpack,2,10433.44,0.15,8868.42,5690.83,3177.59,Completed,48,2025-04-30 00:00:00,Apr,4,Q2
ORD00771,2025-09-16,CUST0071,EMP008,Bengaluru,Electronics,Power Bank,7,50701.49,0.05,48166.42,42333.56,5832.86,Pending,12,2025-09-16 12:00:00,Sep,9,Q3
ORD00772,2025-11-02,CUST0089,EMP010,Pune,Fashion,Backpack,1,4669.05,0.2,3735.24,3155.45,579.79,Delayed,60,2025-11-04 12:00:00,Nov,11,Q4
ORD00773,2025-09-25,CUST0262,EMP006,Delhi,Home & Kitchen,Water Bottle,5,34311.15,0.1,30880.04,22215.58,8664.46,Completed,10,2025-09-25 10:00:00,Sep,9,Q3
ORD00774,2025-02-23,CUST0188,EMP003,Pune,Electronics,Headphones,2,8798.38,0.05,8358.46,6873.63,1484.83,Completed,12,2025-02-23 12:00:00,Feb,2,Q1
ORD00775,2025-08-24,CUST0112,EMP007,Chennai,Home & Kitchen,Mixer Grinder,4,2685.64,0.1,2417.08,1980.12,436.96,Cancelled,4,2025-08-24 04:00:00,Aug,8,Q3
ORD00776,2025-08-10,CUST0239,EMP004,Hyderabad,Office Supplies,Pen Set,3,10067.88,0.05,9564.49,8210.96,1353.53,Completed,38,2025-08-11 14:00:00,Aug,8,Q3
ORD00777,2025-09-08,CUST0256,EMP009,Hyderabad,Beauty,Face Wash,3,11583.24,0.05,11004.08,9105.93,1898.15,Completed,15,2025-09-08 15:00:00,Sep,9,Q3
ORD00778,2025-11-09,CUST0150,EMP005,Bengaluru,Office Supplies,Pen Set,2,2665.0,0.05,2531.75,1930.24,601.51,Cancelled,7,2025-11-09 07:00:00,Nov,11,Q4
ORD00779,2025-04-22,CUST0127,EMP003,Delhi,Beauty,Perfume,5,5029.2,0.2,4023.36,3021.83,1001.53,Pending,23,2025-04-22 23:00:00,Apr,4,Q2
ORD00780,2025-09-12,CUST0274,EMP002,Bengaluru,Office Supplies,Desk Organizer,6,27726.78,0.1,24954.1,17573.37,7380.73,Cancelled,6,2025-09-12 06:00:00,Sep,9,Q3
ORD00781,2025-10-30,CUST0139,EMP002,Mumbai,Fashion,Sneakers,2,1721.9,0.1,1549.71,1172.73,376.98,Pending,20,2025-10-30 20:00:00,Oct,10,Q4
ORD00782,2025-07-26,CUST0103,EMP003,Hyderabad,Home & Kitchen,Mixer Grinder,6,16077.54,0.05,15273.66,12408.65,2865.01,Cancelled,17,2025-07-26 17:00:00,Jul,7,Q3
ORD00783,2025-08-17,CUST0242,EMP002,Bengaluru,Beauty,Hair Dryer,6,38204.28,0.05,36294.07,31567.94,4726.13,Completed,36,2025-08-18 12:00:00,Aug,8,Q3
ORD00784,2025-12-07,CUST0117,EMP004,Mumbai,Electronics,Keyboard,5,41015.05,0.25,30761.29,21662.25,9099.04,Pending,14,2025-12-07 14:00:00,Dec,12,Q4
ORD00785,2025-03-07,CUST0214,EMP002,Delhi,Home & Kitchen,Cookware Set,6,36865.32,0.1,33178.79,24529.26,8649.53,Completed,5,2025-03-07 05:00:00,Mar,3,Q1
ORD00786,2025-03-16,CUST0017,EMP010,Kolkata,Electronics,Keyboard,4,33753.68,0.2,27002.94,18815.27,8187.67,Delayed,94,2025-03-19 22:00:00,Mar,3,Q1
ORD00787,2025-04-13,CUST0179,EMP009,Pune,Home & Kitchen,Mixer Grinder,5,29905.6,0.05,28410.32,21893.03,6517.29,Pending,11,2025-04-13 11:00:00,Apr,4,Q2
ORD00788,2025-07-11,CUST0224,EMP002,Bengaluru,Home & Kitchen,Table Lamp,2,5206.36,0.0,5206.36,3945.76,1260.6,Pending,6,2025-07-11 06:00:00,Jul,7,Q3
ORD00789,2025-09-09,CUST0270,EMP009,Mumbai,Office Supplies,Notebook,7,40331.48,0.2,32265.18,17935.73,14329.45,Cancelled,6,2025-09-09 06:00:00,Sep,9,Q3
ORD00790,2025-08-14,CUST0134,EMP006,Hyderabad,Beauty,Shampoo,4,24052.04,0.1,21646.84,15771.53,5875.31,Pending,10,2025-08-14 10:00:00,Aug,8,Q3
ORD00791,2025-10-21,CUST0114,EMP001,Ahmedabad,Beauty,Hair Dryer,1,3253.92,0.0,3253.92,1884.67,1369.25,Completed,32,2025-10-22 08:00:00,Oct,10,Q4
ORD00792,2025-11-02,CUST0132,EMP004,Pune,Home & Kitchen,Table Lamp,3,893.73,0.05,849.04,474.36,374.68,Delayed,79,2025-11-05 07:00:00,Nov,11,Q4
ORD00793,2025-04-08,CUST0139,EMP001,Bengaluru,Fashion,T-Shirt,2,12043.44,0.15,10236.92,8303.12,1933.8,Cancelled,17,2025-04-08 17:00:00,Apr,4,Q2
ORD00794,2025-12-04,CUST0232,EMP006,Hyderabad,Fashion,Sneakers,2,662.4,0.1,596.16,378.77,217.39,Completed,44,2025-12-05 20:00:00,Dec,12,Q4
ORD00795,2025-10-13,CUST0092,EMP004,Kolkata,Electronics,Keyboard,2,10840.84,0.1,9756.76,6463.04,3293.72,Delayed,55,2025-10-15 07:00:00,Oct,10,Q4
ORD00796,2025-12-01,CUST0267,EMP003,Pune,Electronics,Headphones,4,6064.8,0.05,5761.56,3290.7,2470.86,Delayed,54,2025-12-03 06:00:00,Dec,12,Q4
ORD00797,2025-12-13,CUST0099,EMP003,Chennai,Office Supplies,File Folder,1,4872.79,0.05,4629.15,2820.24,1808.91,Completed,21,2025-12-13 21:00:00,Dec,12,Q4
ORD00798,2025-11-04,CUST0207,EMP009,Hyderabad,Home & Kitchen,Mixer Grinder,7,30503.69,0.25,22877.77,18362.83,4514.94,Delayed,49,2025-11-06 01:00:00,Nov,11,Q4
ORD00799,2025-09-06,CUST0008,EMP006,Chennai,Electronics,Keyboard,5,1314.2,0.05,1248.49,890.01,358.48,Completed,4,2025-09-06 04:00:00,Sep,9,Q3
ORD00800,2025-06-15,CUST0093,EMP009,Delhi,Electronics,Keyboard,1,3179.93,0.1,2861.94,2405.81,456.13,Completed,18,2025-06-15 18:00:00,Jun,6,Q2
ORD00801,2025-12-01,CUST0158,EMP005,Bengaluru,Home & Kitchen,Mixer Grinder,4,20676.44,0.15,17574.97,11970.13,5604.84,Cancelled,7,2025-12-01 07:00:00,Dec,12,Q4
ORD00802,2025-01-30,CUST0099,EMP002,Kolkata,Office Supplies,Pen Set,2,14471.72,0.05,13748.13,8780.54,4967.59,Completed,23,2025-01-30 23:00:00,Jan,1,Q1
ORD00803,2025-09-04,CUST0225,EMP008,Mumbai,Electronics,Power Bank,3,22710.48,0.05,21574.96,14341.05,7233.91,Cancelled,18,2025-09-04 18:00:00,Sep,9,Q3
ORD00804,2025-04-16,CUST0208,EMP005,Bengaluru,Office Supplies,Notebook,2,8380.3,0.1,7542.27,5922.3,1619.97,Delayed,71,2025-04-18 23:00:00,Apr,4,Q2
ORD00805,2025-02-20,CUST0073,EMP002,Hyderabad,Beauty,Perfume,5,31161.65,0.1,28045.48,20561.6,7483.88,Cancelled,4,2025-02-20 04:00:00,Feb,2,Q1
ORD00806,2025-03-22,CUST0059,EMP004,Chennai,Office Supplies,Pen Set,6,16754.4,0.1,15078.96,12792.73,2286.23,Completed,8,2025-03-22 08:00:00,Mar,3,Q1
ORD00807,2025-05-13,CUST0287,EMP009,Ahmedabad,Fashion,T-Shirt,3,9021.78,0.05,8570.69,6417.01,2153.68,Completed,37,2025-05-14 13:00:00,May,5,Q2
ORD00808,2025-10-12,CUST0064,EMP004,Chennai,Fashion,Jeans,2,3547.54,0.1,3192.79,2275.49,917.3,Cancelled,13,2025-10-12 13:00:00,Oct,10,Q4
ORD00809,2025-05-18,CUST0256,EMP004,Pune,Office Supplies,Notebook,7,33895.89,0.1,30506.3,24688.7,5817.6,Completed,6,2025-05-18 06:00:00,May,5,Q2
ORD00810,2025-07-03,CUST0048,EMP002,Bengaluru,Fashion,Jeans,3,8329.83,0.1,7496.85,6467.43,1029.42,Cancelled,14,2025-07-03 14:00:00,Jul,7,Q3
ORD00811,2025-11-26,CUST0279,EMP006,Bengaluru,Beauty,Perfume,6,5127.0,0.0,5127.0,3421.91,1705.09,Completed,27,2025-11-27 03:00:00,Nov,11,Q4
ORD00812,2025-09-30,CUST0198,EMP002,Hyderabad,Home & Kitchen,Cookware Set,1,5869.8,0.1,5282.82,3341.17,1941.65,Completed,27,2025-10-01 03:00:00,Sep,9,Q3
ORD00813,2025-12-06,CUST0158,EMP007,Ahmedabad,Fashion,Jeans,4,24238.96,0.25,18179.22,13695.35,4483.87,Completed,6,2025-12-06 06:00:00,Dec,12,Q4
ORD00814,2025-03-10,CUST0007,EMP003,Chennai,Fashion,T-Shirt,2,6311.88,0.1,5680.69,4059.58,1621.11,Cancelled,1,2025-03-10 01:00:00,Mar,3,Q1
ORD00815,2025-02-03,CUST0248,EMP003,Hyderabad,Office Supplies,File Folder,5,3953.2,0.15,3360.22,2945.0,415.22,Completed,10,2025-02-03 10:00:00,Feb,2,Q1
ORD00816,2025-09-19,CUST0232,EMP005,Hyderabad,Beauty,Perfume,1,3709.59,0.1,3338.63,2345.65,992.98,Completed,28,2025-09-20 04:00:00,Sep,9,Q3
ORD00817,2025-02-22,CUST0106,EMP003,Delhi,Home & Kitchen,Cookware Set,2,7687.0,0.2,6149.6,3533.13,2616.47,Completed,6,2025-02-22 06:00:00,Feb,2,Q1
ORD00818,2025-07-24,CUST0098,EMP002,Chennai,Office Supplies,File Folder,1,5733.4,0.2,4586.72,4002.06,584.66,Completed,18,2025-07-24 18:00:00,Jul,7,Q3
ORD00819,2025-05-06,CUST0268,EMP010,Hyderabad,Office Supplies,Pen Set,5,13918.65,0.0,13918.65,11529.98,2388.67,Completed,32,2025-05-07 08:00:00,May,5,Q2
ORD00820,2025-08-23,CUST0060,EMP009,Chennai,Beauty,Face Wash,2,11699.4,0.05,11114.43,6766.72,4347.71,Completed,32,2025-08-24 08:00:00,Aug,8,Q3
ORD00821,2025-02-12,CUST0140,EMP002,Hyderabad,Home & Kitchen,Water Bottle,6,44561.58,0.05,42333.5,35920.81,6412.69,Completed,13,2025-02-12 13:00:00,Feb,2,Q1
ORD00822,2025-08-28,CUST0190,EMP002,Ahmedabad,Beauty,Hair Dryer,6,12798.06,0.05,12158.16,8053.81,4104.35,Completed,35,2025-08-29 11:00:00,Aug,8,Q3
ORD00823,2025-04-21,CUST0125,EMP008,Mumbai,Home & Kitchen,Cookware Set,5,41619.9,0.0,41619.9,28070.41,13549.49,Delayed,50,2025-04-23 02:00:00,Apr,4,Q2
ORD00824,2025-09-06,CUST0163,EMP009,Ahmedabad,Beauty,Hair Dryer,3,10128.51,0.15,8609.23,7310.18,1299.05,Pending,6,2025-09-06 06:00:00,Sep,9,Q3
ORD00825,2025-05-31,CUST0060,EMP007,Ahmedabad,Office Supplies,Desk Organizer,5,11908.05,0.0,11908.05,8632.6,3275.45,Delayed,68,2025-06-02 20:00:00,May,5,Q2
ORD00826,2025-07-02,CUST0031,EMP003,Hyderabad,Office Supplies,Desk Organizer,3,11008.86,0.1,9907.97,5899.82,4008.15,Completed,40,2025-07-03 16:00:00,Jul,7,Q3
ORD00827,2025-12-02,CUST0076,EMP009,Ahmedabad,Electronics,USB Hub,2,1876.44,0.1,1688.8,1134.52,554.28,Pending,0,2025-12-02 00:00:00,Dec,12,Q4
ORD00828,2025-04-05,CUST0243,EMP003,Ahmedabad,Fashion,Jacket,3,3598.92,0.05,3418.97,2695.15,723.82,Cancelled,20,2025-04-05 20:00:00,Apr,4,Q2
ORD00829,2025-01-08,CUST0258,EMP005,Ahmedabad,Beauty,Shampoo,2,7221.04,0.2,5776.83,3509.31,2267.52,Completed,7,2025-01-08 07:00:00,Jan,1,Q1
ORD00830,2025-12-26,CUST0190,EMP009,Hyderabad,Electronics,USB Hub,2,13032.82,0.15,11077.9,8250.56,2827.34,Completed,23,2025-12-26 23:00:00,Dec,12,Q4
ORD00831,2025-07-03,CUST0296,EMP003,Kolkata,Fashion,Jeans,7,53673.27,0.1,48305.94,37651.6,10654.34,Completed,31,2025-07-04 07:00:00,Jul,7,Q3
ORD00832,2025-10-08,CUST0177,EMP007,Mumbai,Beauty,Shampoo,4,22804.92,0.05,21664.67,14373.9,7290.77,Completed,17,2025-10-08 17:00:00,Oct,10,Q4
ORD00833,2025-07-14,CUST0288,EMP001,Bengaluru,Home & Kitchen,Water Bottle,2,2057.16,0.05,1954.3,1522.36,431.94,Completed,47,2025-07-15 23:00:00,Jul,7,Q3
ORD00834,2025-12-18,CUST0294,EMP004,Chennai,Fashion,Sneakers,3,17284.11,0.15,14691.49,12367.13,2324.36,Completed,37,2025-12-19 13:00:00,Dec,12,Q4
ORD00835,2025-07-14,CUST0207,EMP004,Kolkata,Office Supplies,Desk Organizer,4,21823.28,0.0,21823.28,15402.84,6420.44,Pending,13,2025-07-14 13:00:00,Jul,7,Q3
ORD00836,2025-06-04,CUST0215,EMP007,Pune,Electronics,USB Hub,4,27512.52,0.1,24761.27,16747.53,8013.74,Completed,34,2025-06-05 10:00:00,Jun,6,Q2
ORD00837,2025-04-03,CUST0141,EMP008,Mumbai,Fashion,Sneakers,2,14081.66,0.15,11969.41,7575.23,4394.18,Completed,36,2025-04-04 12:00:00,Apr,4,Q2
ORD00838,2025-06-09,CUST0085,EMP001,Kolkata,Fashion,Jacket,5,36997.5,0.05,35147.62,26339.2,8808.42,Completed,42,2025-06-10 18:00:00,Jun,6,Q2
ORD00839,2025-03-02,CUST0182,EMP005,Ahmedabad,Office Supplies,Desk Organizer,5,18040.0,0.2,14432.0,12127.95,2304.05,Completed,31,2025-03-03 07:00:00,Mar,3,Q1
ORD00840,2025-05-02,CUST0128,EMP007,Bengaluru,Beauty,Face Wash,6,35863.02,0.0,35863.02,23566.96,12296.06,Completed,28,2025-05-03 04:00:00,May,5,Q2
ORD00841,2025-02-20,CUST0269,EMP004,Hyderabad,Home & Kitchen,Mixer Grinder,4,9559.56,0.2,7647.65,5206.2,2441.45,Completed,35,2025-02-21 11:00:00,Feb,2,Q1
ORD00842,2025-10-04,CUST0039,EMP004,Delhi,Office Supplies,Calculator,2,16988.92,0.0,16988.92,11623.59,5365.33,Completed,12,2025-10-04 12:00:00,Oct,10,Q4
ORD00843,2025-01-05,CUST0023,EMP004,Bengaluru,Home & Kitchen,Cookware Set,7,11298.28,0.1,10168.45,7474.5,2693.95,Pending,15,2025-01-05 15:00:00,Jan,1,Q1
ORD00844,2025-04-02,CUST0242,EMP006,Mumbai,Beauty,Perfume,5,1172.3,0.05,1113.68,696.47,417.21,Completed,34,2025-04-03 10:00:00,Apr,4,Q2
ORD00845,2025-06-19,CUST0107,EMP007,Delhi,Fashion,Jeans,7,9747.85,0.15,8285.67,6805.27,1480.4,Cancelled,11,2025-06-19 11:00:00,Jun,6,Q2
ORD00846,2025-11-13,CUST0142,EMP002,Hyderabad,Home & Kitchen,Storage Box,2,13257.06,0.1,11931.35,7726.13,4205.22,Completed,26,2025-11-14 02:00:00,Nov,11,Q4
ORD00847,2025-01-22,CUST0145,EMP005,Bengaluru,Electronics,USB Hub,2,7761.28,0.0,7761.28,6075.29,1685.99,Delayed,60,2025-01-24 12:00:00,Jan,1,Q1
ORD00848,2025-11-22,CUST0280,EMP004,Pune,Electronics,Headphones,4,15546.52,0.1,13991.87,10065.21,3926.66,Completed,13,2025-11-22 13:00:00,Nov,11,Q4
ORD00849,2025-01-01,CUST0245,EMP003,Chennai,Office Supplies,File Folder,7,56871.08,0.05,54027.53,40161.16,13866.37,Completed,19,2025-01-01 19:00:00,Jan,1,Q1
ORD00850,2025-05-13,CUST0191,EMP007,Chennai,Beauty,Hair Dryer,6,46973.7,0.1,42276.33,25757.74,16518.59,Pending,8,2025-05-13 08:00:00,May,5,Q2
ORD00851,2025-08-21,CUST0290,EMP006,Mumbai,Office Supplies,Desk Organizer,4,10993.92,0.2,8795.14,6970.66,1824.48,Cancelled,6,2025-08-21 06:00:00,Aug,8,Q3
ORD00852,2025-01-12,CUST0179,EMP007,Kolkata,Office Supplies,Calculator,1,1895.64,0.05,1800.86,1102.57,698.29,Delayed,78,2025-01-15 06:00:00,Jan,1,Q1
ORD00853,2025-12-12,CUST0112,EMP005,Hyderabad,Office Supplies,File Folder,7,50643.81,0.05,48111.62,28262.99,19848.63,Completed,31,2025-12-13 07:00:00,Dec,12,Q4
ORD00854,2025-02-15,CUST0214,EMP006,Hyderabad,Electronics,Power Bank,5,38576.3,0.0,38576.3,28176.29,10400.01,Cancelled,17,2025-02-15 17:00:00,Feb,2,Q1
ORD00855,2025-02-03,CUST0138,EMP005,Chennai,Electronics,Wireless Mouse,5,23361.65,0.1,21025.48,16485.41,4540.07,Completed,18,2025-02-03 18:00:00,Feb,2,Q1
ORD00856,2025-03-19,CUST0200,EMP007,Bengaluru,Office Supplies,Calculator,5,27028.45,0.05,25677.03,14546.34,11130.69,Completed,16,2025-03-19 16:00:00,Mar,3,Q1
ORD00857,2025-08-06,CUST0007,EMP002,Hyderabad,Electronics,USB Hub,3,6885.69,0.05,6541.41,3747.58,2793.83,Completed,45,2025-08-07 21:00:00,Aug,8,Q3
ORD00858,2025-10-28,CUST0013,EMP005,Pune,Beauty,Perfume,2,13673.4,0.0,13673.4,11142.24,2531.16,Cancelled,8,2025-10-28 08:00:00,Oct,10,Q4
ORD00859,2025-03-14,CUST0080,EMP006,Pune,Office Supplies,Notebook,4,21712.88,0.05,20627.24,16852.06,3775.18,Completed,20,2025-03-14 20:00:00,Mar,3,Q1
ORD00860,2025-10-09,CUST0286,EMP006,Hyderabad,Electronics,Wireless Mouse,5,21771.7,0.25,16328.78,10302.65,6026.13,Completed,10,2025-10-09 10:00:00,Oct,10,Q4
ORD00861,2025-09-06,CUST0159,EMP005,Hyderabad,Home & Kitchen,Cookware Set,1,651.91,0.05,619.31,466.36,152.95,Delayed,87,2025-09-09 15:00:00,Sep,9,Q3
ORD00862,2025-02-16,CUST0272,EMP010,Chennai,Office Supplies,Pen Set,5,38990.3,0.1,35091.27,24432.28,10658.99,Delayed,59,2025-02-18 11:00:00,Feb,2,Q1
ORD00863,2025-05-01,CUST0201,EMP007,Mumbai,Office Supplies,Calculator,6,31734.12,0.15,26974.0,20467.59,6506.41,Completed,16,2025-05-01 16:00:00,May,5,Q2
ORD00864,2025-08-02,CUST0150,EMP010,Chennai,Beauty,Hair Dryer,2,3517.94,0.15,2990.25,2496.11,494.14,Completed,20,2025-08-02 20:00:00,Aug,8,Q3
ORD00865,2025-08-27,CUST0296,EMP008,Mumbai,Fashion,Backpack,7,36493.24,0.05,34668.58,19981.33,14687.25,Pending,7,2025-08-27 07:00:00,Aug,8,Q3
ORD00866,2025-02-25,CUST0293,EMP007,Ahmedabad,Fashion,Sneakers,2,11613.64,0.1,10452.28,8432.22,2020.06,Completed,39,2025-02-26 15:00:00,Feb,2,Q1
ORD00867,2025-12-16,CUST0272,EMP005,Pune,Beauty,Moisturizer,7,31781.26,0.2,25425.01,18120.39,7304.62,Cancelled,14,2025-12-16 14:00:00,Dec,12,Q4
ORD00868,2025-04-17,CUST0043,EMP001,Mumbai,Beauty,Moisturizer,7,43023.05,0.0,43023.05,31671.93,11351.12,Delayed,81,2025-04-20 09:00:00,Apr,4,Q2
ORD00869,2025-11-15,CUST0015,EMP005,Chennai,Beauty,Face Wash,4,20020.56,0.05,19019.53,14565.11,4454.42,Pending,1,2025-11-15 01:00:00,Nov,11,Q4
ORD00870,2025-02-17,CUST0248,EMP010,Hyderabad,Fashion,Jacket,3,24191.64,0.05,22982.06,19637.38,3344.68,Delayed,62,2025-02-19 14:00:00,Feb,2,Q1
ORD00871,2025-03-02,CUST0172,EMP002,Mumbai,Beauty,Moisturizer,7,4188.59,0.05,3979.16,2263.02,1716.14,Delayed,67,2025-03-04 19:00:00,Mar,3,Q1
ORD00872,2025-12-03,CUST0218,EMP005,Chennai,Electronics,Wireless Mouse,7,7260.05,0.05,6897.05,3860.47,3036.58,Delayed,53,2025-12-05 05:00:00,Dec,12,Q4
ORD00873,2025-01-26,CUST0137,EMP005,Pune,Office Supplies,Desk Organizer,4,6400.64,0.15,5440.54,3312.34,2128.2,Completed,37,2025-01-27 13:00:00,Jan,1,Q1
ORD00874,2025-10-19,CUST0227,EMP002,Delhi,Office Supplies,File Folder,5,29564.65,0.0,29564.65,25884.67,3679.98,Completed,30,2025-10-20 06:00:00,Oct,10,Q4
ORD00875,2025-09-14,CUST0044,EMP005,Ahmedabad,Home & Kitchen,Table Lamp,6,33244.38,0.1,29919.94,23516.33,6403.61,Completed,13,2025-09-14 13:00:00,Sep,9,Q3
ORD00876,2025-01-08,CUST0020,EMP004,Mumbai,Home & Kitchen,Storage Box,1,7598.69,0.1,6838.82,5148.48,1690.34,Delayed,66,2025-01-10 18:00:00,Jan,1,Q1
ORD00877,2025-04-23,CUST0119,EMP001,Pune,Office Supplies,Desk Organizer,4,25078.12,0.1,22570.31,12764.03,9806.28,Pending,1,2025-04-23 01:00:00,Apr,4,Q2
ORD00878,2025-12-21,CUST0234,EMP003,Pune,Electronics,Headphones,3,13184.31,0.15,11206.66,9414.79,1791.87,Completed,23,2025-12-21 23:00:00,Dec,12,Q4
ORD00879,2025-09-10,CUST0262,EMP001,Bengaluru,Fashion,Jacket,4,33727.2,0.05,32040.84,26216.13,5824.71,Delayed,78,2025-09-13 06:00:00,Sep,9,Q3
ORD00880,2025-06-29,CUST0083,EMP005,Delhi,Fashion,T-Shirt,2,4744.0,0.2,3795.2,2919.97,875.23,Delayed,69,2025-07-01 21:00:00,Jun,6,Q2
ORD00881,2025-07-26,CUST0031,EMP004,Mumbai,Electronics,USB Hub,5,35535.75,0.1,31982.18,21169.43,10812.75,Completed,26,2025-07-27 02:00:00,Jul,7,Q3
ORD00882,2025-10-30,CUST0274,EMP007,Chennai,Fashion,T-Shirt,5,18568.5,0.1,16711.65,9580.23,7131.42,Completed,24,2025-10-31 00:00:00,Oct,10,Q4
ORD00883,2025-05-07,CUST0234,EMP005,Mumbai,Beauty,Shampoo,7,38968.58,0.15,33123.29,24558.03,8565.26,Pending,17,2025-05-07 17:00:00,May,5,Q2
ORD00884,2025-02-25,CUST0028,EMP010,Mumbai,Office Supplies,Calculator,5,31113.45,0.05,29557.78,23276.73,6281.05,Completed,13,2025-02-25 13:00:00,Feb,2,Q1
ORD00885,2025-08-02,CUST0252,EMP004,Delhi,Office Supplies,Calculator,5,27209.25,0.0,27209.25,15811.28,11397.97,Completed,44,2025-08-03 20:00:00,Aug,8,Q3
ORD00886,2025-01-14,CUST0253,EMP002,Kolkata,Electronics,Power Bank,5,6616.2,0.15,5623.77,4269.25,1354.52,Cancelled,12,2025-01-14 12:00:00,Jan,1,Q1
ORD00887,2025-01-28,CUST0239,EMP004,Pune,Fashion,Backpack,5,19243.2,0.1,17318.88,11162.03,6156.85,Completed,33,2025-01-29 09:00:00,Jan,1,Q1
ORD00888,2025-03-19,CUST0175,EMP002,Pune,Home & Kitchen,Mixer Grinder,1,4838.01,0.2,3870.41,3104.85,765.56,Pending,20,2025-03-19 20:00:00,Mar,3,Q1
ORD00889,2025-08-04,CUST0194,EMP008,Pune,Home & Kitchen,Mixer Grinder,3,21718.56,0.25,16288.92,11859.53,4429.39,Completed,21,2025-08-04 21:00:00,Aug,8,Q3
ORD00890,2025-12-31,CUST0180,EMP003,Pune,Fashion,Sneakers,7,26981.08,0.05,25632.03,15189.08,10442.95,Completed,17,2025-12-31 17:00:00,Dec,12,Q4
ORD00891,2025-06-03,CUST0295,EMP009,Delhi,Home & Kitchen,Cookware Set,5,39107.7,0.05,37152.31,26889.04,10263.27,Delayed,78,2025-06-06 06:00:00,Jun,6,Q2
ORD00892,2025-01-14,CUST0215,EMP004,Chennai,Electronics,Headphones,7,26789.84,0.05,25450.35,17321.33,8129.02,Cancelled,7,2025-01-14 07:00:00,Jan,1,Q1
ORD00893,2025-07-06,CUST0203,EMP006,Hyderabad,Electronics,Headphones,3,14196.93,0.05,13487.08,8220.61,5266.47,Completed,4,2025-07-06 04:00:00,Jul,7,Q3
ORD00894,2025-11-08,CUST0250,EMP010,Bengaluru,Fashion,Jacket,6,40793.94,0.15,34674.85,28700.38,5974.47,Cancelled,8,2025-11-08 08:00:00,Nov,11,Q4
ORD00895,2025-01-07,CUST0257,EMP005,Kolkata,Home & Kitchen,Water Bottle,5,25093.1,0.15,21329.14,11808.65,9520.49,Completed,18,2025-01-07 18:00:00,Jan,1,Q1
ORD00896,2025-01-03,CUST0075,EMP010,Kolkata,Electronics,Headphones,7,57174.74,0.1,51457.27,33601.72,17855.55,Completed,39,2025-01-04 15:00:00,Jan,1,Q1
ORD00897,2025-04-21,CUST0202,EMP001,Ahmedabad,Electronics,Power Bank,4,22655.2,0.0,22655.2,12554.52,10100.68,Pending,18,2025-04-21 18:00:00,Apr,4,Q2
ORD00898,2025-08-26,CUST0142,EMP009,Pune,Beauty,Moisturizer,7,31602.34,0.05,30022.22,17463.39,12558.83,Cancelled,9,2025-08-26 09:00:00,Aug,8,Q3
ORD00899,2025-12-29,CUST0206,EMP001,Ahmedabad,Beauty,Face Wash,5,1734.95,0.05,1648.2,1068.1,580.1,Completed,36,2025-12-30 12:00:00,Dec,12,Q4
ORD00900,2025-08-27,CUST0199,EMP008,Pune,Electronics,Keyboard,2,7209.34,0.15,6127.94,3480.12,2647.82,Completed,44,2025-08-28 20:00:00,Aug,8,Q3
ORD00901,2025-10-01,CUST0171,EMP009,Bengaluru,Fashion,Jacket,1,2648.72,0.0,2648.72,1978.3,670.42,Completed,42,2025-10-02 18:00:00,Oct,10,Q4
ORD00902,2025-10-21,CUST0228,EMP009,Pune,Office Supplies,Notebook,4,25586.72,0.15,21748.71,12585.21,9163.5,Cancelled,12,2025-10-21 12:00:00,Oct,10,Q4
ORD00903,2025-08-15,CUST0179,EMP001,Hyderabad,Office Supplies,Notebook,4,7556.48,0.1,6800.83,5315.29,1485.54,Completed,46,2025-08-16 22:00:00,Aug,8,Q3
ORD00904,2025-01-15,CUST0275,EMP002,Kolkata,Electronics,Keyboard,2,3727.18,0.15,3168.1,1797.49,1370.61,Completed,5,2025-01-15 05:00:00,Jan,1,Q1
ORD00905,2025-07-11,CUST0062,EMP001,Mumbai,Electronics,USB Hub,5,8662.4,0.05,8229.28,4687.17,3542.11,Pending,3,2025-07-11 03:00:00,Jul,7,Q3
ORD00906,2025-04-29,CUST0204,EMP010,Bengaluru,Electronics,Power Bank,1,1198.89,0.1,1079.0,702.17,376.83,Cancelled,18,2025-04-29 18:00:00,Apr,4,Q2
ORD00907,2025-01-28,CUST0133,EMP002,Kolkata,Fashion,Jacket,4,10987.64,0.1,9888.88,8364.69,1524.19,Pending,3,2025-01-28 03:00:00,Jan,1,Q1
ORD00908,2025-07-21,CUST0072,EMP010,Chennai,Beauty,Moisturizer,1,7547.45,0.15,6415.33,4886.3,1529.03,Cancelled,18,2025-07-21 18:00:00,Jul,7,Q3
ORD00909,2025-02-08,CUST0078,EMP008,Kolkata,Electronics,Wireless Mouse,4,26482.6,0.05,25158.47,20231.02,4927.45,Pending,18,2025-02-08 18:00:00,Feb,2,Q1
ORD00910,2025-09-30,CUST0189,EMP005,Bengaluru,Electronics,Headphones,5,31446.75,0.1,28302.08,16888.2,11413.88,Completed,10,2025-09-30 10:00:00,Sep,9,Q3
ORD00911,2025-08-19,CUST0071,EMP007,Hyderabad,Home & Kitchen,Cookware Set,6,40846.56,0.1,36761.9,30338.18,6423.72,Cancelled,12,2025-08-19 12:00:00,Aug,8,Q3
ORD00912,2025-03-27,CUST0263,EMP002,Delhi,Fashion,Backpack,4,9598.56,0.0,9598.56,5305.01,4293.55,Delayed,61,2025-03-29 13:00:00,Mar,3,Q1
ORD00913,2025-05-06,CUST0046,EMP008,Chennai,Electronics,USB Hub,6,45360.84,0.05,43092.8,26730.85,16361.95,Completed,40,2025-05-07 16:00:00,May,5,Q2
ORD00914,2025-10-27,CUST0224,EMP006,Mumbai,Home & Kitchen,Storage Box,4,5185.92,0.25,3889.44,2929.96,959.48,Completed,39,2025-10-28 15:00:00,Oct,10,Q4
ORD00915,2025-01-25,CUST0250,EMP008,Pune,Office Supplies,Desk Organizer,3,8875.47,0.0,8875.47,5980.57,2894.9,Pending,9,2025-01-25 09:00:00,Jan,1,Q1
ORD00916,2025-05-25,CUST0076,EMP001,Bengaluru,Electronics,Power Bank,5,25246.75,0.05,23984.41,20981.17,3003.24,Cancelled,20,2025-05-25 20:00:00,May,5,Q2
ORD00917,2025-01-13,CUST0074,EMP001,Chennai,Electronics,Power Bank,2,2018.52,0.05,1917.59,1073.87,843.72,Completed,19,2025-01-13 19:00:00,Jan,1,Q1
ORD00918,2025-07-31,CUST0142,EMP007,Bengaluru,Home & Kitchen,Table Lamp,6,37479.54,0.1,33731.59,29668.19,4063.4,Pending,4,2025-07-31 04:00:00,Jul,7,Q3
ORD00919,2025-01-25,CUST0073,EMP008,Mumbai,Fashion,Sneakers,2,6767.0,0.0,6767.0,5114.48,1652.52,Completed,37,2025-01-26 13:00:00,Jan,1,Q1
ORD00920,2025-03-09,CUST0102,EMP003,Bengaluru,Electronics,Wireless Mouse,5,33498.95,0.1,30149.05,22140.66,8008.39,Completed,4,2025-03-09 04:00:00,Mar,3,Q1
ORD00921,2025-03-08,CUST0094,EMP005,Ahmedabad,Office Supplies,Desk Organizer,7,29859.76,0.0,29859.76,17009.29,12850.47,Completed,21,2025-03-08 21:00:00,Mar,3,Q1
ORD00922,2025-08-21,CUST0069,EMP001,Kolkata,Electronics,Headphones,2,3320.6,0.0,3320.6,2125.84,1194.76,Completed,43,2025-08-22 19:00:00,Aug,8,Q3
ORD00923,2025-04-19,CUST0065,EMP007,Kolkata,Office Supplies,File Folder,5,31426.3,0.15,26712.36,22842.77,3869.59,Completed,46,2025-04-20 22:00:00,Apr,4,Q2
ORD00924,2025-05-26,CUST0193,EMP005,Chennai,Beauty,Moisturizer,2,4510.8,0.05,4285.26,2857.84,1427.42,Delayed,85,2025-05-29 13:00:00,May,5,Q2
ORD00925,2025-04-21,CUST0062,EMP008,Hyderabad,Beauty,Hair Dryer,6,25489.62,0.25,19117.22,14688.63,4428.59,Pending,6,2025-04-21 06:00:00,Apr,4,Q2
ORD00926,2025-08-16,CUST0020,EMP008,Delhi,Office Supplies,File Folder,3,2342.1,0.0,2342.1,2060.66,281.44,Completed,47,2025-08-17 23:00:00,Aug,8,Q3
ORD00927,2025-04-21,CUST0241,EMP009,Chennai,Fashion,Jacket,2,10618.38,0.05,10087.46,6423.83,3663.63,Cancelled,24,2025-04-22 00:00:00,Apr,4,Q2
ORD00928,2025-02-03,CUST0203,EMP007,Bengaluru,Electronics,USB Hub,6,34259.46,0.0,34259.46,25355.66,8903.8,Completed,23,2025-02-03 23:00:00,Feb,2,Q1
ORD00929,2025-04-21,CUST0300,EMP001,Mumbai,Electronics,Power Bank,4,13247.72,0.05,12585.33,9814.35,2770.98,Completed,9,2025-04-21 09:00:00,Apr,4,Q2
ORD00930,2025-09-21,CUST0195,EMP003,Kolkata,Beauty,Face Wash,5,40597.15,0.25,30447.86,18400.46,12047.4,Completed,11,2025-09-21 11:00:00,Sep,9,Q3
ORD00931,2025-08-24,CUST0062,EMP008,Pune,Office Supplies,Desk Organizer,1,7449.31,0.2,5959.45,3570.08,2389.37,Completed,48,2025-08-26 00:00:00,Aug,8,Q3
ORD00932,2025-03-24,CUST0107,EMP003,Pune,Electronics,Power Bank,7,42429.17,0.0,42429.17,29725.1,12704.07,Completed,37,2025-03-25 13:00:00,Mar,3,Q1
ORD00933,2025-02-11,CUST0125,EMP008,Mumbai,Electronics,USB Hub,1,6108.99,0.1,5498.09,3723.96,1774.13,Completed,35,2025-02-12 11:00:00,Feb,2,Q1
ORD00934,2025-04-11,CUST0267,EMP001,Bengaluru,Fashion,Jacket,5,11287.75,0.1,10158.98,7981.82,2177.16,Completed,45,2025-04-12 21:00:00,Apr,4,Q2
ORD00935,2025-01-06,CUST0202,EMP005,Delhi,Home & Kitchen,Storage Box,3,16903.23,0.05,16058.07,9200.28,6857.79,Completed,7,2025-01-06 07:00:00,Jan,1,Q1
ORD00936,2025-06-29,CUST0162,EMP004,Ahmedabad,Beauty,Moisturizer,2,3610.04,0.0,3610.04,3143.68,466.36,Completed,47,2025-06-30 23:00:00,Jun,6,Q2
ORD00937,2025-10-09,CUST0112,EMP005,Mumbai,Beauty,Perfume,3,4057.29,0.2,3245.83,1800.5,1445.33,Delayed,62,2025-10-11 14:00:00,Oct,10,Q4
ORD00938,2025-11-16,CUST0032,EMP008,Bengaluru,Home & Kitchen,Water Bottle,1,8495.56,0.25,6371.67,4768.78,1602.89,Delayed,78,2025-11-19 06:00:00,Nov,11,Q4
ORD00939,2025-08-14,CUST0098,EMP010,Chennai,Electronics,Keyboard,7,37427.88,0.25,28070.91,20650.89,7420.02,Pending,22,2025-08-14 22:00:00,Aug,8,Q3
ORD00940,2025-11-11,CUST0247,EMP004,Delhi,Fashion,Backpack,6,22492.5,0.15,19118.62,11365.18,7753.44,Delayed,63,2025-11-13 15:00:00,Nov,11,Q4
ORD00941,2025-12-31,CUST0261,EMP004,Ahmedabad,Fashion,Jeans,7,17893.19,0.1,16103.87,9659.14,6444.73,Completed,29,2026-01-01 05:00:00,Dec,12,Q4
ORD00942,2025-08-17,CUST0191,EMP003,Ahmedabad,Beauty,Moisturizer,5,25963.7,0.05,24665.52,20018.13,4647.39,Cancelled,13,2025-08-17 13:00:00,Aug,8,Q3
ORD00943,2025-10-16,CUST0029,EMP007,Hyderabad,Fashion,Jacket,5,2820.55,0.0,2820.55,2377.43,443.12,Completed,39,2025-10-17 15:00:00,Oct,10,Q4
ORD00944,2025-05-30,CUST0048,EMP003,Bengaluru,Home & Kitchen,Cookware Set,3,2821.77,0.0,2821.77,1815.51,1006.26,Pending,1,2025-05-30 01:00:00,May,5,Q2
ORD00945,2025-10-04,CUST0250,EMP003,Ahmedabad,Electronics,Wireless Mouse,6,2546.1,0.1,2291.49,1591.5,699.99,Delayed,56,2025-10-06 08:00:00,Oct,10,Q4
ORD00946,2025-07-17,CUST0226,EMP010,Pune,Home & Kitchen,Cookware Set,3,12954.21,0.15,11011.08,7346.02,3665.06,Delayed,67,2025-07-19 19:00:00,Jul,7,Q3
ORD00947,2025-03-11,CUST0272,EMP005,Pune,Office Supplies,File Folder,2,10330.14,0.15,8780.62,5039.55,3741.07,Cancelled,16,2025-03-11 16:00:00,Mar,3,Q1
ORD00948,2025-04-22,CUST0153,EMP005,Kolkata,Beauty,Moisturizer,4,2686.84,0.2,2149.47,1659.73,489.74,Completed,28,2025-04-23 04:00:00,Apr,4,Q2
ORD00949,2025-01-04,CUST0285,EMP006,Delhi,Fashion,Sneakers,6,37033.32,0.2,29626.66,24362.41,5264.25,Completed,19,2025-01-04 19:00:00,Jan,1,Q1
ORD00950,2025-12-16,CUST0180,EMP008,Ahmedabad,Office Supplies,File Folder,4,8295.2,0.25,6221.4,4047.71,2173.69,Cancelled,14,2025-12-16 14:00:00,Dec,12,Q4
ORD00951,2025-11-27,CUST0153,EMP010,Hyderabad,Fashion,Jeans,7,41100.01,0.05,39045.01,34233.03,4811.98,Delayed,59,2025-11-29 11:00:00,Nov,11,Q4
ORD00952,2025-11-14,CUST0234,EMP006,Bengaluru,Electronics,Keyboard,2,16697.68,0.15,14193.03,8161.43,6031.6,Completed,7,2025-11-14 07:00:00,Nov,11,Q4
ORD00953,2025-12-16,CUST0023,EMP001,Hyderabad,Electronics,Headphones,4,23682.92,0.1,21314.63,16377.97,4936.66,Completed,9,2025-12-16 09:00:00,Dec,12,Q4
ORD00954,2025-04-05,CUST0094,EMP008,Kolkata,Electronics,Headphones,1,7524.66,0.05,7148.43,4989.0,2159.43,Delayed,75,2025-04-08 03:00:00,Apr,4,Q2
ORD00955,2025-06-01,CUST0245,EMP008,Chennai,Fashion,Jeans,7,56472.22,0.25,42354.16,29536.89,12817.27,Completed,42,2025-06-02 18:00:00,Jun,6,Q2
ORD00956,2025-11-07,CUST0290,EMP009,Hyderabad,Office Supplies,File Folder,4,16857.48,0.2,13485.98,9453.98,4032.0,Completed,42,2025-11-08 18:00:00,Nov,11,Q4
ORD00957,2025-05-17,CUST0160,EMP009,Chennai,Electronics,Headphones,2,12028.82,0.0,12028.82,7642.69,4386.13,Delayed,85,2025-05-20 13:00:00,May,5,Q2
ORD00958,2025-09-04,CUST0285,EMP002,Pune,Office Supplies,Desk Organizer,4,29055.76,0.0,29055.76,22841.77,6213.99,Completed,48,2025-09-06 00:00:00,Sep,9,Q3
ORD00959,2025-08-31,CUST0009,EMP002,Chennai,Fashion,T-Shirt,5,15638.4,0.1,14074.56,11092.45,2982.11,Cancelled,19,2025-08-31 19:00:00,Aug,8,Q3
ORD00960,2025-01-31,CUST0185,EMP003,Bengaluru,Office Supplies,Pen Set,3,6998.01,0.1,6298.21,4050.95,2247.26,Completed,12,2025-01-31 12:00:00,Jan,1,Q1
ORD00961,2025-02-09,CUST0295,EMP001,Delhi,Fashion,Sneakers,1,8054.1,0.2,6443.28,5319.9,1123.38,Completed,18,2025-02-09 18:00:00,Feb,2,Q1
ORD00962,2025-08-17,CUST0135,EMP004,Delhi,Fashion,T-Shirt,5,31073.15,0.05,29519.49,19322.24,10197.25,Completed,40,2025-08-18 16:00:00,Aug,8,Q3
ORD00963,2025-02-05,CUST0110,EMP004,Bengaluru,Beauty,Moisturizer,5,9921.75,0.0,9921.75,7831.05,2090.7,Delayed,80,2025-02-08 08:00:00,Feb,2,Q1
ORD00964,2025-08-11,CUST0069,EMP009,Bengaluru,Fashion,Backpack,2,7799.7,0.05,7409.71,4371.21,3038.5,Completed,11,2025-08-11 11:00:00,Aug,8,Q3
ORD00965,2025-01-06,CUST0136,EMP009,Bengaluru,Fashion,Sneakers,3,20401.11,0.0,20401.11,12356.37,8044.74,Completed,35,2025-01-07 11:00:00,Jan,1,Q1
ORD00966,2025-11-18,CUST0096,EMP009,Mumbai,Home & Kitchen,Storage Box,3,14153.94,0.0,14153.94,9259.69,4894.25,Completed,24,2025-11-19 00:00:00,Nov,11,Q4
ORD00967,2025-08-08,CUST0119,EMP010,Ahmedabad,Electronics,USB Hub,6,33462.6,0.2,26770.08,19969.9,6800.18,Delayed,51,2025-08-10 03:00:00,Aug,8,Q3
ORD00968,2025-03-16,CUST0274,EMP007,Kolkata,Beauty,Perfume,7,45107.72,0.05,42852.33,32697.13,10155.2,Completed,22,2025-03-16 22:00:00,Mar,3,Q1
ORD00969,2025-01-04,CUST0177,EMP002,Chennai,Beauty,Face Wash,1,5343.78,0.05,5076.59,3456.13,1620.46,Delayed,61,2025-01-06 13:00:00,Jan,1,Q1
ORD00970,2025-12-01,CUST0237,EMP010,Ahmedabad,Beauty,Perfume,7,32617.62,0.0,32617.62,18777.54,13840.08,Cancelled,17,2025-12-01 17:00:00,Dec,12,Q4
ORD00971,2025-05-14,CUST0272,EMP005,Bengaluru,Home & Kitchen,Water Bottle,2,12818.56,0.05,12177.63,8199.19,3978.44,Cancelled,6,2025-05-14 06:00:00,May,5,Q2
ORD00972,2025-04-28,CUST0277,EMP004,Delhi,Fashion,Sneakers,1,6225.15,0.15,5291.38,4112.95,1178.43,Pending,23,2025-04-28 23:00:00,Apr,4,Q2
ORD00973,2025-04-04,CUST0138,EMP008,Hyderabad,Electronics,Headphones,6,32456.58,0.1,29210.92,22534.14,6676.78,Completed,46,2025-04-05 22:00:00,Apr,4,Q2
ORD00974,2025-03-03,CUST0132,EMP002,Hyderabad,Office Supplies,File Folder,4,12616.96,0.15,10724.42,6465.38,4259.04,Completed,32,2025-03-04 08:00:00,Mar,3,Q1
ORD00975,2025-07-13,CUST0044,EMP006,Mumbai,Fashion,Jacket,5,17692.65,0.05,16808.02,9287.59,7520.43,Completed,45,2025-07-14 21:00:00,Jul,7,Q3
ORD00976,2025-12-01,CUST0123,EMP005,Ahmedabad,Home & Kitchen,Table Lamp,1,8253.16,0.05,7840.5,6260.51,1579.99,Completed,6,2025-12-01 06:00:00,Dec,12,Q4
ORD00977,2025-07-22,CUST0136,EMP002,Ahmedabad,Fashion,Jacket,7,7618.94,0.1,6857.05,4012.07,2844.98,Delayed,66,2025-07-24 18:00:00,Jul,7,Q3
ORD00978,2025-01-26,CUST0126,EMP010,Ahmedabad,Fashion,T-Shirt,5,11960.1,0.05,11362.1,6557.92,4804.18,Delayed,55,2025-01-28 07:00:00,Jan,1,Q1
ORD00979,2025-06-22,CUST0275,EMP001,Chennai,Home & Kitchen,Table Lamp,2,8523.1,0.15,7244.64,3991.01,3253.63,Pending,22,2025-06-22 22:00:00,Jun,6,Q2
ORD00980,2025-10-27,CUST0064,EMP008,Chennai,Beauty,Face Wash,7,49956.83,0.05,47458.99,32877.62,14581.37,Cancelled,18,2025-10-27 18:00:00,Oct,10,Q4
ORD00981,2025-05-13,CUST0296,EMP002,Kolkata,Beauty,Hair Dryer,4,6066.76,0.1,5460.08,3909.84,1550.24,Completed,34,2025-05-14 10:00:00,May,5,Q2
ORD00982,2025-11-22,CUST0232,EMP007,Chennai,Electronics,Wireless Mouse,2,4925.14,0.0,4925.14,3745.22,1179.92,Completed,10,2025-11-22 10:00:00,Nov,11,Q4
ORD00983,2025-04-28,CUST0051,EMP009,Delhi,Electronics,Power Bank,4,2797.68,0.1,2517.91,1630.85,887.06,Cancelled,22,2025-04-28 22:00:00,Apr,4,Q2
ORD00984,2025-11-20,CUST0137,EMP009,Delhi,Beauty,Perfume,4,24179.92,0.2,19343.94,15174.16,4169.78,Completed,22,2025-11-20 22:00:00,Nov,11,Q4
ORD00985,2025-10-02,CUST0158,EMP008,Ahmedabad,Office Supplies,File Folder,5,10695.25,0.1,9625.72,5832.03,3793.69,Cancelled,7,2025-10-02 07:00:00,Oct,10,Q4
ORD00986,2025-07-31,CUST0056,EMP010,Kolkata,Fashion,T-Shirt,2,6790.86,0.1,6111.77,5039.5,1072.27,Completed,6,2025-07-31 06:00:00,Jul,7,Q3
ORD00987,2025-08-13,CUST0081,EMP009,Ahmedabad,Office Supplies,Pen Set,2,7709.82,0.25,5782.36,4271.49,1510.87,Completed,33,2025-08-14 09:00:00,Aug,8,Q3
ORD00988,2025-01-20,CUST0232,EMP002,Mumbai,Fashion,Backpack,1,7592.47,0.1,6833.22,5074.92,1758.3,Pending,5,2025-01-20 05:00:00,Jan,1,Q1
ORD00989,2025-04-23,CUST0128,EMP006,Chennai,Beauty,Perfume,7,25092.27,0.05,23837.66,14760.9,9076.76,Cancelled,15,2025-04-23 15:00:00,Apr,4,Q2
ORD00990,2025-05-20,CUST0126,EMP004,Chennai,Electronics,Wireless Mouse,2,2725.26,0.05,2589.0,1487.27,1101.73,Completed,17,2025-05-20 17:00:00,May,5,Q2
ORD00991,2025-02-16,CUST0080,EMP004,Ahmedabad,Electronics,USB Hub,1,4528.03,0.15,3848.83,2707.11,1141.72,Completed,38,2025-02-17 14:00:00,Feb,2,Q1
ORD00992,2025-01-01,CUST0175,EMP005,Ahmedabad,Office Supplies,Pen Set,3,24572.1,0.15,20886.28,15730.54,5155.74,Cancelled,14,2025-01-01 14:00:00,Jan,1,Q1
ORD00993,2025-03-31,CUST0145,EMP003,Bengaluru,Electronics,Power Bank,3,15672.54,0.05,14888.91,8655.9,6233.01,Completed,33,2025-04-01 09:00:00,Mar,3,Q1
ORD00994,2025-05-22,CUST0126,EMP001,Ahmedabad,Beauty,Moisturizer,3,25083.84,0.05,23829.65,20581.11,3248.54,Cancelled,1,2025-05-22 01:00:00,May,5,Q2
ORD00995,2025-11-16,CUST0182,EMP008,Chennai,Office Supplies,Notebook,6,43039.5,0.25,32279.62,28197.43,4082.19,Completed,10,2025-11-16 10:00:00,Nov,11,Q4
ORD00996,2025-02-07,CUST0219,EMP005,Delhi,Fashion,Jeans,2,900.62,0.0,900.62,657.45,243.17,Delayed,62,2025-02-09 14:00:00,Feb,2,Q1
ORD00997,2025-10-20,CUST0278,EMP003,Bengaluru,Electronics,Wireless Mouse,6,33885.84,0.05,32191.55,27798.14,4393.41,Completed,34,2025-10-21 10:00:00,Oct,10,Q4
ORD00998,2025-05-19,CUST0083,EMP010,Bengaluru,Home & Kitchen,Table Lamp,7,17811.5,0.0,17811.5,10851.07,6960.43,Completed,8,2025-05-19 08:00:00,May,5,Q2
ORD00999,2025-12-22,CUST0141,EMP007,Chennai,Electronics,Headphones,2,9645.6,0.15,8198.76,4578.1,3620.66,Delayed,91,2025-12-25 19:00:00,Dec,12,Q4
ORD01000,2025-11-29,CUST0095,EMP007,Hyderabad,Fashion,T-Shirt,1,2482.53,0.0,2482.53,1397.68,1084.85,Completed,17,2025-11-29 17:00:00,Nov,11,Q4
ORD01001,2025-09-16,CUST0194,EMP001,Pune,Office Supplies,Desk Organizer,6,18378.42,0.1,16540.58,12304.19,4236.39,Completed,39,2025-09-17 15:00:00,Sep,9,Q3
ORD01002,2025-06-10,CUST0110,EMP009,Ahmedabad,Fashion,Backpack,6,47150.76,0.0,47150.76,26892.05,20258.71,Completed,30,2025-06-11 06:00:00,Jun,6,Q2
ORD01003,2025-06-27,CUST0052,EMP002,Delhi,Home & Kitchen,Cookware Set,7,13128.29,0.1,11815.46,10235.97,1579.49,Completed,27,2025-06-28 03:00:00,Jun,6,Q2
ORD01004,2025-01-10,CUST0103,EMP005,Hyderabad,Beauty,Face Wash,6,44692.86,0.15,37988.93,22673.24,15315.69,Pending,8,2025-01-10 08:00:00,Jan,1,Q1
ORD01005,2025-09-18,CUST0101,EMP005,Chennai,Electronics,Headphones,4,1617.28,0.05,1536.42,999.53,536.89,Pending,15,2025-09-18 15:00:00,Sep,9,Q3
ORD01006,2025-05-18,CUST0142,EMP008,Ahmedabad,Office Supplies,Desk Organizer,1,908.82,0.1,817.94,671.88,146.06,Completed,48,2025-05-20 00:00:00,May,5,Q2
ORD01007,2025-06-21,CUST0201,EMP008,Chennai,Beauty,Hair Dryer,3,21859.62,0.05,20766.64,12920.68,7845.96,Completed,25,2025-06-22 01:00:00,Jun,6,Q2
ORD01008,2025-01-13,CUST0199,EMP007,Ahmedabad,Fashion,Jacket,1,5415.14,0.05,5144.38,3241.88,1902.5,Completed,11,2025-01-13 11:00:00,Jan,1,Q1
ORD01009,2025-06-17,CUST0284,EMP007,Ahmedabad,Office Supplies,Notebook,4,25557.68,0.15,21724.03,16552.88,5171.15,Pending,11,2025-06-17 11:00:00,Jun,6,Q2
ORD01010,2025-05-10,CUST0217,EMP006,Hyderabad,Beauty,Moisturizer,7,13290.48,0.05,12625.96,8094.61,4531.35,Cancelled,2,2025-05-10 02:00:00,May,5,Q2
ORD01011,2025-03-25,CUST0046,EMP006,Chennai,Office Supplies,Pen Set,7,32442.55,0.15,27576.17,17145.7,10430.47,Completed,7,2025-03-25 07:00:00,Mar,3,Q1
ORD01012,2025-11-17,CUST0028,EMP009,Delhi,Home & Kitchen,Storage Box,2,12611.56,0.05,11980.98,7594.49,4386.49,Completed,14,2025-11-17 14:00:00,Nov,11,Q4
ORD01013,2025-11-15,CUST0002,EMP006,Kolkata,Home & Kitchen,Table Lamp,1,5388.07,0.05,5118.67,3644.05,1474.62,Delayed,57,2025-11-17 09:00:00,Nov,11,Q4
ORD01014,2025-04-11,CUST0017,EMP002,Ahmedabad,Electronics,Power Bank,7,28620.76,0.05,27189.72,23622.78,3566.94,Delayed,92,2025-04-14 20:00:00,Apr,4,Q2
ORD01015,2025-11-25,CUST0077,EMP002,Bengaluru,Electronics,Keyboard,6,48985.14,0.1,44086.63,36355.53,7731.1,Cancelled,19,2025-11-25 19:00:00,Nov,11,Q4
ORD01016,2025-09-30,CUST0165,EMP005,Mumbai,Home & Kitchen,Mixer Grinder,7,40571.37,0.1,36514.23,23512.29,13001.94,Cancelled,21,2025-09-30 21:00:00,Sep,9,Q3
ORD01017,2025-09-22,CUST0097,EMP004,Chennai,Office Supplies,Pen Set,7,54108.04,0.15,45991.83,30810.53,15181.3,Completed,9,2025-09-22 09:00:00,Sep,9,Q3
ORD01018,2025-02-07,CUST0105,EMP002,Chennai,Home & Kitchen,Mixer Grinder,7,43705.06,0.05,41519.81,29200.43,12319.38,Completed,19,2025-02-07 19:00:00,Feb,2,Q1
ORD01019,2025-04-04,CUST0024,EMP003,Hyderabad,Electronics,Keyboard,7,44037.84,0.0,44037.84,38447.09,5590.75,Pending,2,2025-04-04 02:00:00,Apr,4,Q2
ORD01020,2025-04-05,CUST0200,EMP007,Ahmedabad,Home & Kitchen,Mixer Grinder,3,2454.45,0.15,2086.28,1266.14,820.14,Completed,12,2025-04-05 12:00:00,Apr,4,Q2
ORD01021,2025-11-01,CUST0035,EMP008,Bengaluru,Home & Kitchen,Mixer Grinder,3,9454.59,0.15,8036.4,5368.07,2668.33,Completed,46,2025-11-02 22:00:00,Nov,11,Q4
ORD01022,2025-03-10,CUST0002,EMP006,Hyderabad,Office Supplies,Pen Set,2,14634.76,0.0,14634.76,11571.86,3062.9,Completed,37,2025-03-11 13:00:00,Mar,3,Q1
ORD01023,2025-11-14,CUST0289,EMP005,Kolkata,Beauty,Shampoo,7,14645.68,0.1,13181.11,11442.54,1738.57,Completed,30,2025-11-15 06:00:00,Nov,11,Q4
ORD01024,2025-08-24,CUST0138,EMP001,Ahmedabad,Electronics,Wireless Mouse,1,1114.47,0.05,1058.75,636.7,422.05,Cancelled,0,2025-08-24 00:00:00,Aug,8,Q3
ORD01025,2025-11-30,CUST0062,EMP008,Delhi,Office Supplies,Calculator,4,11491.96,0.15,9768.17,6105.45,3662.72,Pending,7,2025-11-30 07:00:00,Nov,11,Q4
ORD01026,2025-05-17,CUST0299,EMP003,Hyderabad,Home & Kitchen,Water Bottle,2,3981.32,0.2,3185.06,1989.0,1196.06,Completed,30,2025-05-18 06:00:00,May,5,Q2
ORD01027,2025-03-17,CUST0197,EMP006,Chennai,Home & Kitchen,Storage Box,1,7876.16,0.2,6300.93,3509.04,2791.89,Cancelled,24,2025-03-18 00:00:00,Mar,3,Q1
ORD01028,2025-02-04,CUST0059,EMP003,Ahmedabad,Beauty,Perfume,7,51782.64,0.15,44015.24,32983.18,11032.06,Completed,8,2025-02-04 08:00:00,Feb,2,Q1
ORD01029,2025-01-01,CUST0265,EMP007,Bengaluru,Electronics,Wireless Mouse,5,21611.75,0.05,20531.16,15836.34,4694.82,Cancelled,16,2025-01-01 16:00:00,Jan,1,Q1
ORD01030,2025-10-23,CUST0188,EMP007,Delhi,Electronics,Wireless Mouse,7,4635.54,0.15,3940.21,2950.56,989.65,Completed,34,2025-10-24 10:00:00,Oct,10,Q4
ORD01031,2025-11-16,CUST0063,EMP009,Chennai,Fashion,Sneakers,3,18349.8,0.1,16514.82,9471.85,7042.97,Completed,6,2025-11-16 06:00:00,Nov,11,Q4
ORD01032,2025-03-01,CUST0279,EMP005,Delhi,Electronics,USB Hub,4,21421.96,0.0,21421.96,12271.48,9150.48,Completed,33,2025-03-02 09:00:00,Mar,3,Q1
ORD01033,2025-11-16,CUST0030,EMP008,Chennai,Beauty,Perfume,6,49524.78,0.1,44572.3,27609.31,16962.99,Completed,24,2025-11-17 00:00:00,Nov,11,Q4
ORD01034,2025-12-15,CUST0171,EMP010,Chennai,Fashion,Jeans,4,19269.04,0.2,15415.23,9955.11,5460.12,Completed,38,2025-12-16 14:00:00,Dec,12,Q4
ORD01035,2025-11-24,CUST0021,EMP010,Chennai,Fashion,Sneakers,6,17753.34,0.2,14202.67,11497.91,2704.76,Pending,2,2025-11-24 02:00:00,Nov,11,Q4
ORD01036,2025-09-24,CUST0299,EMP008,Ahmedabad,Home & Kitchen,Mixer Grinder,4,17935.32,0.0,17935.32,10807.8,7127.52,Completed,31,2025-09-25 07:00:00,Sep,9,Q3
ORD01037,2025-12-27,CUST0201,EMP001,Mumbai,Home & Kitchen,Cookware Set,3,24980.55,0.15,21233.47,11987.36,9246.11,Completed,35,2025-12-28 11:00:00,Dec,12,Q4
ORD01038,2025-08-17,CUST0135,EMP005,Pune,Electronics,Headphones,6,35787.78,0.15,30419.61,20685.82,9733.79,Completed,45,2025-08-18 21:00:00,Aug,8,Q3
ORD01039,2025-09-27,CUST0272,EMP003,Bengaluru,Fashion,Jeans,1,5761.0,0.05,5472.95,3762.16,1710.79,Cancelled,15,2025-09-27 15:00:00,Sep,9,Q3
ORD01040,2025-11-12,CUST0023,EMP001,Kolkata,Home & Kitchen,Cookware Set,6,12958.14,0.1,11662.33,8149.63,3512.7,Completed,28,2025-11-13 04:00:00,Nov,11,Q4
ORD01041,2025-10-13,CUST0087,EMP004,Mumbai,Beauty,Face Wash,2,12718.16,0.15,10810.44,8895.68,1914.76,Pending,12,2025-10-13 12:00:00,Oct,10,Q4
ORD01042,2025-10-18,CUST0031,EMP008,Pune,Home & Kitchen,Water Bottle,1,6414.77,0.05,6094.03,3548.81,2545.22,Completed,38,2025-10-19 14:00:00,Oct,10,Q4
ORD01043,2025-08-01,CUST0121,EMP003,Delhi,Home & Kitchen,Mixer Grinder,2,5598.72,0.0,5598.72,4379.88,1218.84,Delayed,73,2025-08-04 01:00:00,Aug,8,Q3
ORD01044,2025-06-14,CUST0069,EMP010,Pune,Fashion,Jacket,7,29323.07,0.15,24924.61,16488.18,8436.43,Completed,27,2025-06-15 03:00:00,Jun,6,Q2
ORD01045,2025-01-05,CUST0134,EMP002,Ahmedabad,Fashion,Backpack,4,10439.76,0.2,8351.81,5447.83,2903.98,Completed,42,2025-01-06 18:00:00,Jan,1,Q1
ORD01046,2025-12-05,CUST0146,EMP009,Ahmedabad,Office Supplies,Calculator,1,2310.19,0.1,2079.17,1783.39,295.78,Pending,11,2025-12-05 11:00:00,Dec,12,Q4
ORD01047,2025-03-19,CUST0263,EMP010,Ahmedabad,Beauty,Moisturizer,4,1464.92,0.15,1245.18,786.95,458.23,Delayed,69,2025-03-21 21:00:00,Mar,3,Q1
ORD01048,2025-03-03,CUST0293,EMP005,Pune,Fashion,Sneakers,7,17720.64,0.05,16834.61,12828.57,4006.04,Cancelled,19,2025-03-03 19:00:00,Mar,3,Q1
ORD01049,2025-05-12,CUST0086,EMP007,Mumbai,Electronics,Keyboard,5,23878.25,0.0,23878.25,15301.0,8577.25,Cancelled,7,2025-05-12 07:00:00,May,5,Q2
ORD01050,2025-03-30,CUST0016,EMP002,Bengaluru,Beauty,Perfume,4,653.48,0.1,588.13,421.9,166.23,Delayed,90,2025-04-02 18:00:00,Mar,3,Q1
ORD01051,2025-08-25,CUST0216,EMP009,Hyderabad,Beauty,Moisturizer,7,17604.16,0.05,16723.95,13537.65,3186.3,Cancelled,20,2025-08-25 20:00:00,Aug,8,Q3
ORD01052,2025-02-11,CUST0116,EMP009,Pune,Fashion,Backpack,4,30039.12,0.2,24031.3,20209.56,3821.74,Delayed,50,2025-02-13 02:00:00,Feb,2,Q1
ORD01053,2025-03-30,CUST0118,EMP004,Ahmedabad,Beauty,Moisturizer,7,35748.79,0.0,35748.79,29556.03,6192.76,Pending,21,2025-03-30 21:00:00,Mar,3,Q1
ORD01054,2025-10-23,CUST0270,EMP004,Hyderabad,Fashion,T-Shirt,2,10451.3,0.05,9928.73,7368.31,2560.42,Delayed,56,2025-10-25 08:00:00,Oct,10,Q4
ORD01055,2025-11-24,CUST0162,EMP006,Hyderabad,Home & Kitchen,Water Bottle,7,24626.63,0.05,23395.3,14788.39,8606.91,Delayed,80,2025-11-27 08:00:00,Nov,11,Q4
ORD01056,2025-10-22,CUST0188,EMP010,Chennai,Office Supplies,Desk Organizer,6,34791.24,0.2,27832.99,21381.5,6451.49,Completed,42,2025-10-23 18:00:00,Oct,10,Q4
ORD01057,2025-04-14,CUST0104,EMP010,Hyderabad,Home & Kitchen,Cookware Set,5,8679.7,0.0,8679.7,6807.22,1872.48,Completed,16,2025-04-14 16:00:00,Apr,4,Q2
ORD01058,2025-01-14,CUST0141,EMP010,Delhi,Fashion,Jacket,4,27946.16,0.0,27946.16,15468.99,12477.17,Completed,13,2025-01-14 13:00:00,Jan,1,Q1
ORD01059,2025-10-15,CUST0167,EMP006,Delhi,Fashion,Backpack,7,7870.45,0.05,7476.93,5196.01,2280.92,Pending,21,2025-10-15 21:00:00,Oct,10,Q4
ORD01060,2025-06-28,CUST0300,EMP001,Chennai,Home & Kitchen,Storage Box,7,39393.27,0.15,33484.28,27734.24,5750.04,Pending,6,2025-06-28 06:00:00,Jun,6,Q2
ORD01061,2025-05-05,CUST0028,EMP009,Bengaluru,Electronics,Headphones,4,11994.4,0.05,11394.68,8108.04,3286.64,Completed,35,2025-05-06 11:00:00,May,5,Q2
ORD01062,2025-12-19,CUST0272,EMP002,Kolkata,Electronics,Power Bank,5,31958.65,0.05,30360.72,19818.08,10542.64,Completed,36,2025-12-20 12:00:00,Dec,12,Q4
ORD01063,2025-01-23,CUST0050,EMP005,Bengaluru,Electronics,USB Hub,5,23702.65,0.0,23702.65,19855.55,3847.1,Completed,39,2025-01-24 15:00:00,Jan,1,Q1
ORD01064,2025-03-04,CUST0156,EMP009,Delhi,Fashion,T-Shirt,7,27490.05,0.15,23366.54,14053.59,9312.95,Completed,31,2025-03-05 07:00:00,Mar,3,Q1
ORD01065,2025-05-23,CUST0121,EMP004,Kolkata,Beauty,Shampoo,1,1564.68,0.0,1564.68,967.17,597.51,Completed,19,2025-05-23 19:00:00,May,5,Q2
ORD01066,2025-06-02,CUST0140,EMP003,Chennai,Fashion,T-Shirt,2,10934.92,0.05,10388.17,8069.87,2318.3,Completed,19,2025-06-02 19:00:00,Jun,6,Q2
ORD01067,2025-05-25,CUST0016,EMP007,Bengaluru,Beauty,Perfume,5,41446.65,0.05,39374.32,26235.26,13139.06,Completed,21,2025-05-25 21:00:00,May,5,Q2
ORD01068,2025-08-13,CUST0049,EMP006,Kolkata,Home & Kitchen,Storage Box,5,35218.95,0.1,31697.05,24891.55,6805.5,Completed,11,2025-08-13 11:00:00,Aug,8,Q3
ORD01069,2025-11-05,CUST0164,EMP008,Kolkata,Office Supplies,Pen Set,3,1953.21,0.15,1660.23,999.53,660.7,Completed,45,2025-11-06 21:00:00,Nov,11,Q4
ORD01070,2025-04-14,CUST0062,EMP003,Pune,Beauty,Perfume,6,19749.12,0.1,17774.21,11255.5,6518.71,Completed,19,2025-04-14 19:00:00,Apr,4,Q2
ORD01071,2025-04-14,CUST0154,EMP005,Bengaluru,Electronics,Power Bank,5,39393.1,0.2,31514.48,18962.06,12552.42,Completed,14,2025-04-14 14:00:00,Apr,4,Q2
ORD01072,2025-02-08,CUST0150,EMP010,Chennai,Fashion,Sneakers,2,8700.84,0.25,6525.63,5641.15,884.48,Cancelled,2,2025-02-08 02:00:00,Feb,2,Q1
ORD01073,2025-07-17,CUST0073,EMP004,Kolkata,Home & Kitchen,Water Bottle,6,34071.78,0.05,32368.19,22132.83,10235.36,Delayed,79,2025-07-20 07:00:00,Jul,7,Q3
ORD01074,2025-05-14,CUST0069,EMP004,Delhi,Electronics,Keyboard,6,46621.2,0.15,39628.02,26205.32,13422.7,Completed,15,2025-05-14 15:00:00,May,5,Q2
ORD01075,2025-03-08,CUST0177,EMP004,Ahmedabad,Home & Kitchen,Table Lamp,4,29784.76,0.15,25317.05,14043.03,11274.02,Completed,41,2025-03-09 17:00:00,Mar,3,Q1
ORD01076,2025-06-28,CUST0002,EMP010,Pune,Office Supplies,Calculator,4,17360.8,0.2,13888.64,8341.9,5546.74,Delayed,82,2025-07-01 10:00:00,Jun,6,Q2
ORD01077,2025-02-11,CUST0119,EMP008,Hyderabad,Fashion,T-Shirt,4,15217.4,0.05,14456.53,9960.19,4496.34,Delayed,51,2025-02-13 03:00:00,Feb,2,Q1
ORD01078,2025-01-15,CUST0007,EMP006,Hyderabad,Fashion,Jeans,4,11945.72,0.1,10751.15,6156.17,4594.98,Completed,20,2025-01-15 20:00:00,Jan,1,Q1
ORD01079,2025-04-21,CUST0255,EMP003,Hyderabad,Office Supplies,Pen Set,3,18461.43,0.05,17538.36,12602.08,4936.28,Completed,4,2025-04-21 04:00:00,Apr,4,Q2
ORD01080,2025-06-06,CUST0075,EMP010,Delhi,Fashion,Jeans,5,12731.7,0.2,10185.36,7131.33,3054.03,Cancelled,15,2025-06-06 15:00:00,Jun,6,Q2
ORD01081,2025-10-16,CUST0195,EMP005,Ahmedabad,Beauty,Hair Dryer,4,8946.24,0.05,8498.93,6826.05,1672.88,Cancelled,9,2025-10-16 09:00:00,Oct,10,Q4
ORD01082,2025-08-19,CUST0187,EMP006,Kolkata,Home & Kitchen,Cookware Set,7,21872.83,0.05,20779.19,15952.91,4826.28,Cancelled,10,2025-08-19 10:00:00,Aug,8,Q3
ORD01083,2025-06-06,CUST0003,EMP005,Chennai,Electronics,Headphones,1,1629.75,0.05,1548.26,1079.39,468.87,Completed,46,2025-06-07 22:00:00,Jun,6,Q2
ORD01084,2025-02-07,CUST0184,EMP006,Hyderabad,Office Supplies,Calculator,4,23817.0,0.05,22626.15,14121.84,8504.31,Completed,27,2025-02-08 03:00:00,Feb,2,Q1
ORD01085,2025-04-07,CUST0273,EMP008,Bengaluru,Beauty,Shampoo,5,26478.05,0.1,23830.24,18822.67,5007.57,Cancelled,12,2025-04-07 12:00:00,Apr,4,Q2
ORD01086,2025-10-16,CUST0052,EMP007,Hyderabad,Electronics,USB Hub,4,16728.16,0.0,16728.16,13108.09,3620.07,Delayed,54,2025-10-18 06:00:00,Oct,10,Q4
ORD01087,2025-09-11,CUST0263,EMP005,Kolkata,Electronics,Wireless Mouse,3,10227.66,0.05,9716.28,5835.48,3880.8,Delayed,91,2025-09-14 19:00:00,Sep,9,Q3
ORD01088,2025-07-15,CUST0133,EMP010,Mumbai,Office Supplies,Pen Set,2,15481.34,0.2,12385.07,10550.45,1834.62,Pending,15,2025-07-15 15:00:00,Jul,7,Q3
ORD01089,2025-03-27,CUST0225,EMP006,Delhi,Beauty,Face Wash,2,786.36,0.05,747.04,426.75,320.29,Pending,14,2025-03-27 14:00:00,Mar,3,Q1
ORD01090,2025-11-18,CUST0061,EMP004,Mumbai,Electronics,Keyboard,5,32860.25,0.15,27931.21,15869.46,12061.75,Completed,28,2025-11-19 04:00:00,Nov,11,Q4
ORD01091,2025-01-10,CUST0016,EMP009,Hyderabad,Electronics,USB Hub,7,53766.58,0.0,53766.58,32895.77,20870.81,Completed,13,2025-01-10 13:00:00,Jan,1,Q1
ORD01092,2025-01-05,CUST0229,EMP004,Ahmedabad,Beauty,Perfume,2,7754.12,0.05,7366.41,6262.35,1104.06,Completed,22,2025-01-05 22:00:00,Jan,1,Q1
ORD01093,2025-05-03,CUST0195,EMP001,Kolkata,Fashion,Backpack,2,9496.54,0.15,8072.06,5824.79,2247.27,Completed,48,2025-05-05 00:00:00,May,5,Q2
ORD01094,2025-11-26,CUST0251,EMP007,Hyderabad,Electronics,Wireless Mouse,1,8036.27,0.15,6830.83,5533.11,1297.72,Completed,18,2025-11-26 18:00:00,Nov,11,Q4
ORD01095,2025-12-19,CUST0048,EMP007,Mumbai,Home & Kitchen,Table Lamp,5,9612.6,0.05,9131.97,5709.2,3422.77,Cancelled,15,2025-12-19 15:00:00,Dec,12,Q4
ORD01096,2025-04-28,CUST0235,EMP004,Kolkata,Beauty,Perfume,7,31451.91,0.25,23588.93,16789.97,6798.96,Completed,5,2025-04-28 05:00:00,Apr,4,Q2
ORD01097,2025-10-21,CUST0121,EMP003,Delhi,Electronics,USB Hub,5,20569.6,0.2,16455.68,10996.27,5459.41,Delayed,60,2025-10-23 12:00:00,Oct,10,Q4
ORD01098,2025-06-08,CUST0050,EMP008,Delhi,Office Supplies,Notebook,2,4615.16,0.25,3461.37,2849.34,612.03,Completed,7,2025-06-08 07:00:00,Jun,6,Q2
ORD01099,2025-10-30,CUST0041,EMP005,Hyderabad,Home & Kitchen,Storage Box,2,13970.5,0.05,13271.97,7398.59,5873.38,Completed,32,2025-10-31 08:00:00,Oct,10,Q4
ORD01100,2025-08-16,CUST0022,EMP010,Delhi,Electronics,USB Hub,2,15323.32,0.0,15323.32,9660.86,5662.46,Delayed,94,2025-08-19 22:00:00,Aug,8,Q3
ORD01101,2025-12-31,CUST0182,EMP007,Pune,Home & Kitchen,Water Bottle,6,40074.84,0.1,36067.36,21653.02,14414.34,Completed,20,2025-12-31 20:00:00,Dec,12,Q4
ORD01102,2025-08-04,CUST0005,EMP004,Kolkata,Home & Kitchen,Cookware Set,3,5343.75,0.1,4809.38,4008.77,800.61,Completed,13,2025-08-04 13:00:00,Aug,8,Q3
ORD01103,2025-07-03,CUST0145,EMP004,Ahmedabad,Fashion,Jacket,4,3497.4,0.0,3497.4,2463.18,1034.22,Completed,30,2025-07-04 06:00:00,Jul,7,Q3
ORD01104,2025-01-15,CUST0078,EMP008,Kolkata,Home & Kitchen,Cookware Set,3,15616.38,0.15,13273.92,9071.3,4202.62,Pending,16,2025-01-15 16:00:00,Jan,1,Q1
ORD01105,2025-06-06,CUST0231,EMP008,Delhi,Fashion,Jeans,5,3133.7,0.0,3133.7,2188.35,945.35,Completed,18,2025-06-06 18:00:00,Jun,6,Q2
ORD01106,2025-05-16,CUST0297,EMP002,Kolkata,Beauty,Moisturizer,1,5768.1,0.1,5191.29,4520.24,671.05,Completed,47,2025-05-17 23:00:00,May,5,Q2
ORD01107,2025-09-18,CUST0209,EMP002,Mumbai,Fashion,Backpack,4,18316.16,0.05,17400.35,14452.53,2947.82,Completed,34,2025-09-19 10:00:00,Sep,9,Q3
ORD01108,2025-06-06,CUST0163,EMP003,Chennai,Office Supplies,Pen Set,1,5684.26,0.15,4831.62,3783.65,1047.97,Completed,24,2025-06-07 00:00:00,Jun,6,Q2
ORD01109,2025-02-16,CUST0168,EMP003,Mumbai,Electronics,Power Bank,7,35545.51,0.05,33768.23,21809.48,11958.75,Cancelled,3,2025-02-16 03:00:00,Feb,2,Q1
ORD01110,2025-11-20,CUST0278,EMP001,Bengaluru,Beauty,Hair Dryer,6,22077.42,0.15,18765.81,11344.07,7421.74,Completed,48,2025-11-22 00:00:00,Nov,11,Q4
ORD01111,2025-11-28,CUST0237,EMP003,Pune,Beauty,Shampoo,5,9136.6,0.1,8222.94,7022.99,1199.95,Cancelled,15,2025-11-28 15:00:00,Nov,11,Q4
ORD01112,2025-06-22,CUST0176,EMP006,Chennai,Office Supplies,Notebook,6,16215.66,0.15,13783.31,9505.18,4278.13,Completed,41,2025-06-23 17:00:00,Jun,6,Q2
ORD01113,2025-05-10,CUST0053,EMP008,Hyderabad,Fashion,Sneakers,5,22647.9,0.25,16985.93,10904.79,6081.14,Completed,39,2025-05-11 15:00:00,May,5,Q2
ORD01114,2025-04-05,CUST0010,EMP010,Kolkata,Electronics,Headphones,1,5593.1,0.1,5033.79,3550.85,1482.94,Completed,20,2025-04-05 20:00:00,Apr,4,Q2
ORD01115,2025-04-25,CUST0146,EMP006,Ahmedabad,Fashion,Jeans,1,6658.68,0.25,4994.01,4259.34,734.67,Completed,6,2025-04-25 06:00:00,Apr,4,Q2
ORD01116,2025-08-31,CUST0227,EMP005,Bengaluru,Home & Kitchen,Storage Box,1,6555.88,0.0,6555.88,4443.13,2112.75,Completed,17,2025-08-31 17:00:00,Aug,8,Q3
ORD01117,2025-10-19,CUST0236,EMP004,Bengaluru,Fashion,Sneakers,5,41359.75,0.05,39291.76,28905.83,10385.93,Completed,16,2025-10-19 16:00:00,Oct,10,Q4
ORD01118,2025-10-09,CUST0242,EMP003,Ahmedabad,Beauty,Moisturizer,2,5073.56,0.0,5073.56,4134.84,938.72,Pending,3,2025-10-09 03:00:00,Oct,10,Q4
ORD01119,2025-10-26,CUST0071,EMP004,Pune,Electronics,Keyboard,1,743.77,0.05,706.58,488.21,218.37,Completed,30,2025-10-27 06:00:00,Oct,10,Q4
ORD01120,2025-10-10,CUST0158,EMP007,Chennai,Fashion,Sneakers,6,18217.44,0.15,15484.82,9710.05,5774.77,Completed,4,2025-10-10 04:00:00,Oct,10,Q4
ORD01121,2025-03-10,CUST0019,EMP001,Bengaluru,Electronics,Wireless Mouse,7,44495.57,0.0,44495.57,39075.72,5419.85,Delayed,70,2025-03-12 22:00:00,Mar,3,Q1
ORD01122,2025-05-28,CUST0055,EMP007,Ahmedabad,Electronics,Keyboard,4,15232.92,0.1,13709.63,11867.99,1841.64,Completed,37,2025-05-29 13:00:00,May,5,Q2
ORD01123,2025-01-11,CUST0215,EMP001,Chennai,Home & Kitchen,Table Lamp,5,34892.65,0.1,31403.38,26012.93,5390.45,Completed,17,2025-01-11 17:00:00,Jan,1,Q1
ORD01124,2025-09-11,CUST0209,EMP002,Chennai,Home & Kitchen,Water Bottle,6,28421.28,0.1,25579.15,19879.18,5699.97,Delayed,86,2025-09-14 14:00:00,Sep,9,Q3
ORD01125,2025-11-26,CUST0021,EMP004,Delhi,Beauty,Perfume,3,23741.28,0.1,21367.15,13831.08,7536.07,Completed,6,2025-11-26 06:00:00,Nov,11,Q4
ORD01126,2025-12-26,CUST0282,EMP001,Bengaluru,Office Supplies,Pen Set,7,56452.62,0.15,47984.73,40855.46,7129.27,Delayed,82,2025-12-29 10:00:00,Dec,12,Q4
ORD01127,2025-02-07,CUST0249,EMP009,Chennai,Electronics,Wireless Mouse,3,2186.07,0.0,2186.07,1401.13,784.94,Completed,43,2025-02-08 19:00:00,Feb,2,Q1
ORD01128,2025-05-14,CUST0028,EMP006,Pune,Office Supplies,Notebook,4,15844.2,0.05,15051.99,12256.34,2795.65,Pending,7,2025-05-14 07:00:00,May,5,Q2
ORD01129,2025-07-19,CUST0296,EMP001,Bengaluru,Beauty,Hair Dryer,2,10481.8,0.1,9433.62,8047.12,1386.5,Delayed,63,2025-07-21 15:00:00,Jul,7,Q3
ORD01130,2025-01-23,CUST0211,EMP001,Pune,Electronics,Headphones,1,2286.54,0.1,2057.89,1541.34,516.55,Completed,37,2025-01-24 13:00:00,Jan,1,Q1
ORD01131,2025-10-30,CUST0285,EMP006,Pune,Electronics,Power Bank,5,17745.45,0.05,16858.18,13739.56,3118.62,Completed,29,2025-10-31 05:00:00,Oct,10,Q4
ORD01132,2025-12-12,CUST0020,EMP004,Chennai,Office Supplies,Desk Organizer,6,34851.84,0.2,27881.47,22619.1,5262.37,Completed,34,2025-12-13 10:00:00,Dec,12,Q4
ORD01133,2025-10-29,CUST0020,EMP004,Chennai,Fashion,Backpack,1,2043.23,0.05,1941.07,1191.32,749.75,Delayed,76,2025-11-01 04:00:00,Oct,10,Q4
ORD01134,2025-12-29,CUST0120,EMP006,Delhi,Home & Kitchen,Mixer Grinder,6,31059.24,0.05,29506.28,22732.08,6774.2,Completed,33,2025-12-30 09:00:00,Dec,12,Q4
ORD01135,2025-08-06,CUST0097,EMP007,Ahmedabad,Fashion,T-Shirt,5,29868.45,0.0,29868.45,17348.92,12519.53,Completed,23,2025-08-06 23:00:00,Aug,8,Q3
ORD01136,2025-05-21,CUST0120,EMP009,Kolkata,Office Supplies,Pen Set,3,2716.92,0.1,2445.23,1754.67,690.56,Pending,16,2025-05-21 16:00:00,May,5,Q2
ORD01137,2025-04-14,CUST0025,EMP010,Delhi,Home & Kitchen,Table Lamp,1,4304.37,0.15,3658.71,2208.17,1450.54,Completed,32,2025-04-15 08:00:00,Apr,4,Q2
ORD01138,2025-07-29,CUST0153,EMP005,Bengaluru,Fashion,Jacket,4,9386.88,0.0,9386.88,6452.5,2934.38,Cancelled,11,2025-07-29 11:00:00,Jul,7,Q3
ORD01139,2025-04-21,CUST0245,EMP009,Delhi,Home & Kitchen,Table Lamp,2,12397.26,0.05,11777.4,9714.99,2062.41,Completed,41,2025-04-22 17:00:00,Apr,4,Q2
ORD01140,2025-04-14,CUST0260,EMP004,Hyderabad,Electronics,Keyboard,4,6931.16,0.15,5891.49,5159.56,731.93,Completed,47,2025-04-15 23:00:00,Apr,4,Q2
ORD01141,2025-11-12,CUST0004,EMP010,Ahmedabad,Fashion,Jacket,2,15200.38,0.05,14440.36,9457.38,4982.98,Completed,28,2025-11-13 04:00:00,Nov,11,Q4
ORD01142,2025-06-20,CUST0143,EMP002,Bengaluru,Home & Kitchen,Storage Box,7,26238.52,0.05,24926.59,18085.37,6841.22,Completed,12,2025-06-20 12:00:00,Jun,6,Q2
ORD01143,2025-12-22,CUST0282,EMP003,Ahmedabad,Home & Kitchen,Water Bottle,6,10819.98,0.1,9737.98,6998.96,2739.02,Pending,8,2025-12-22 08:00:00,Dec,12,Q4
ORD01144,2025-11-20,CUST0220,EMP001,Pune,Home & Kitchen,Storage Box,1,3807.48,0.0,3807.48,3293.29,514.19,Cancelled,18,2025-11-20 18:00:00,Nov,11,Q4
ORD01145,2025-05-13,CUST0160,EMP006,Delhi,Fashion,Jeans,1,3563.01,0.2,2850.41,2017.9,832.51,Completed,29,2025-05-14 05:00:00,May,5,Q2
ORD01146,2025-10-20,CUST0076,EMP006,Delhi,Beauty,Hair Dryer,7,26120.29,0.0,26120.29,20392.24,5728.05,Pending,10,2025-10-20 10:00:00,Oct,10,Q4
ORD01147,2025-11-24,CUST0099,EMP001,Kolkata,Fashion,Backpack,2,10078.88,0.15,8567.05,7317.89,1249.16,Completed,19,2025-11-24 19:00:00,Nov,11,Q4
ORD01148,2025-05-07,CUST0180,EMP003,Delhi,Office Supplies,File Folder,3,13505.4,0.1,12154.86,8182.83,3972.03,Completed,40,2025-05-08 16:00:00,May,5,Q2
ORD01149,2025-04-16,CUST0127,EMP005,Chennai,Fashion,Backpack,5,7003.2,0.2,5602.56,4749.29,853.27,Delayed,54,2025-04-18 06:00:00,Apr,4,Q2
ORD01150,2025-04-02,CUST0032,EMP003,Pune,Home & Kitchen,Water Bottle,4,2790.36,0.0,2790.36,2379.51,410.85,Completed,27,2025-04-03 03:00:00,Apr,4,Q2
ORD01151,2025-10-14,CUST0265,EMP010,Delhi,Electronics,Power Bank,7,43684.34,0.1,39315.91,33698.4,5617.51,Cancelled,17,2025-10-14 17:00:00,Oct,10,Q4
ORD01152,2025-02-20,CUST0013,EMP003,Mumbai,Fashion,Jacket,6,28941.84,0.1,26047.66,16650.89,9396.77,Completed,23,2025-02-20 23:00:00,Feb,2,Q1
ORD01153,2025-01-29,CUST0202,EMP010,Mumbai,Fashion,Backpack,7,22033.62,0.1,19830.26,13526.56,6303.7,Cancelled,4,2025-01-29 04:00:00,Jan,1,Q1
ORD01154,2025-10-23,CUST0018,EMP003,Ahmedabad,Home & Kitchen,Cookware Set,4,27599.16,0.1,24839.24,20796.17,4043.07,Delayed,63,2025-10-25 15:00:00,Oct,10,Q4
ORD01155,2025-10-24,CUST0093,EMP005,Pune,Electronics,USB Hub,4,13561.16,0.15,11526.99,7706.06,3820.93,Delayed,79,2025-10-27 07:00:00,Oct,10,Q4
ORD01156,2025-08-02,CUST0280,EMP005,Delhi,Electronics,USB Hub,6,40777.86,0.2,32622.29,24404.2,8218.09,Completed,32,2025-08-03 08:00:00,Aug,8,Q3
ORD01157,2025-09-24,CUST0060,EMP004,Kolkata,Office Supplies,File Folder,6,16218.36,0.0,16218.36,9551.93,6666.43,Completed,34,2025-09-25 10:00:00,Sep,9,Q3
ORD01158,2025-09-14,CUST0214,EMP001,Hyderabad,Fashion,Backpack,1,758.26,0.0,758.26,431.12,327.14,Pending,15,2025-09-14 15:00:00,Sep,9,Q3
ORD01159,2025-10-29,CUST0100,EMP005,Kolkata,Electronics,Keyboard,4,31750.16,0.15,26987.64,18512.39,8475.25,Completed,23,2025-10-29 23:00:00,Oct,10,Q4
ORD01160,2025-04-11,CUST0001,EMP010,Hyderabad,Electronics,Power Bank,5,17222.5,0.0,17222.5,12762.6,4459.9,Completed,26,2025-04-12 02:00:00,Apr,4,Q2
ORD01161,2025-12-12,CUST0043,EMP005,Bengaluru,Beauty,Perfume,5,33844.9,0.25,25383.68,17250.51,8133.17,Delayed,63,2025-12-14 15:00:00,Dec,12,Q4
ORD01162,2025-04-20,CUST0168,EMP004,Bengaluru,Beauty,Moisturizer,2,4961.7,0.1,4465.53,3307.41,1158.12,Completed,30,2025-04-21 06:00:00,Apr,4,Q2
ORD01163,2025-07-01,CUST0192,EMP006,Kolkata,Electronics,USB Hub,7,38830.05,0.1,34947.05,25161.1,9785.95,Delayed,60,2025-07-03 12:00:00,Jul,7,Q3
ORD01164,2025-11-09,CUST0034,EMP010,Delhi,Office Supplies,File Folder,6,44652.9,0.0,44652.9,34663.3,9989.6,Completed,24,2025-11-10 00:00:00,Nov,11,Q4
ORD01165,2025-01-01,CUST0034,EMP004,Ahmedabad,Electronics,USB Hub,1,497.73,0.05,472.84,361.41,111.43,Completed,47,2025-01-02 23:00:00,Jan,1,Q1
ORD01166,2025-11-15,CUST0176,EMP007,Kolkata,Home & Kitchen,Table Lamp,5,35429.05,0.1,31886.15,22001.48,9884.67,Delayed,53,2025-11-17 05:00:00,Nov,11,Q4
ORD01167,2025-02-24,CUST0196,EMP007,Bengaluru,Fashion,Backpack,3,14761.89,0.2,11809.51,8151.5,3658.01,Completed,10,2025-02-24 10:00:00,Feb,2,Q1
ORD01168,2025-05-29,CUST0158,EMP002,Chennai,Office Supplies,Notebook,1,5222.39,0.25,3916.79,2336.2,1580.59,Completed,25,2025-05-30 01:00:00,May,5,Q2
ORD01169,2025-11-05,CUST0245,EMP003,Hyderabad,Home & Kitchen,Cookware Set,1,4518.37,0.0,4518.37,3250.37,1268.0,Delayed,96,2025-11-09 00:00:00,Nov,11,Q4
ORD01170,2025-05-17,CUST0071,EMP001,Pune,Office Supplies,Calculator,5,37259.35,0.0,37259.35,27712.35,9547.0,Delayed,89,2025-05-20 17:00:00,May,5,Q2
ORD01171,2025-07-21,CUST0114,EMP008,Ahmedabad,Home & Kitchen,Table Lamp,3,1538.01,0.0,1538.01,1087.74,450.27,Cancelled,16,2025-07-21 16:00:00,Jul,7,Q3
ORD01172,2025-11-09,CUST0285,EMP009,Kolkata,Fashion,T-Shirt,2,4659.18,0.2,3727.34,2450.66,1276.68,Completed,33,2025-11-10 09:00:00,Nov,11,Q4
ORD01173,2025-04-27,CUST0143,EMP004,Delhi,Fashion,Jeans,5,37313.1,0.05,35447.44,27937.69,7509.75,Completed,37,2025-04-28 13:00:00,Apr,4,Q2
ORD01174,2025-06-03,CUST0097,EMP006,Delhi,Beauty,Face Wash,3,19296.27,0.0,19296.27,11088.38,8207.89,Completed,16,2025-06-03 16:00:00,Jun,6,Q2
ORD01175,2025-10-18,CUST0212,EMP009,Ahmedabad,Home & Kitchen,Mixer Grinder,1,297.34,0.05,282.47,240.6,41.87,Pending,14,2025-10-18 14:00:00,Oct,10,Q4
ORD01176,2025-03-04,CUST0185,EMP006,Mumbai,Beauty,Hair Dryer,3,13401.0,0.05,12730.95,7088.75,5642.2,Delayed,58,2025-03-06 10:00:00,Mar,3,Q1
ORD01177,2025-09-01,CUST0205,EMP009,Hyderabad,Home & Kitchen,Cookware Set,1,4571.93,0.25,3428.95,2974.87,454.08,Cancelled,10,2025-09-01 10:00:00,Sep,9,Q3
ORD01178,2025-01-25,CUST0216,EMP004,Ahmedabad,Beauty,Face Wash,7,24481.59,0.1,22033.43,15480.19,6553.24,Completed,36,2025-01-26 12:00:00,Jan,1,Q1
ORD01179,2025-03-31,CUST0246,EMP008,Ahmedabad,Fashion,Jeans,5,13166.15,0.05,12507.84,8582.64,3925.2,Completed,37,2025-04-01 13:00:00,Mar,3,Q1
ORD01180,2025-03-16,CUST0239,EMP009,Hyderabad,Office Supplies,File Folder,6,35054.4,0.05,33301.68,21134.13,12167.55,Cancelled,10,2025-03-16 10:00:00,Mar,3,Q1
ORD01181,2025-10-21,CUST0293,EMP004,Hyderabad,Beauty,Face Wash,5,9425.25,0.05,8953.99,4954.45,3999.54,Completed,39,2025-10-22 15:00:00,Oct,10,Q4
ORD01182,2025-07-29,CUST0008,EMP005,Kolkata,Home & Kitchen,Mixer Grinder,7,47748.54,0.0,47748.54,30591.57,17156.97,Cancelled,5,2025-07-29 05:00:00,Jul,7,Q3
ORD01183,2025-12-13,CUST0078,EMP008,Bengaluru,Home & Kitchen,Water Bottle,4,27421.44,0.0,27421.44,16071.76,11349.68,Completed,20,2025-12-13 20:00:00,Dec,12,Q4
ORD01184,2025-01-17,CUST0277,EMP010,Chennai,Fashion,Sneakers,4,14469.72,0.1,13022.75,9998.1,3024.65,Pending,7,2025-01-17 07:00:00,Jan,1,Q1
ORD01185,2025-05-08,CUST0202,EMP006,Kolkata,Home & Kitchen,Mixer Grinder,4,10070.52,0.0,10070.52,6599.16,3471.36,Completed,17,2025-05-08 17:00:00,May,5,Q2
ORD01186,2025-12-30,CUST0214,EMP007,Ahmedabad,Electronics,Wireless Mouse,5,12601.9,0.05,11971.8,9615.38,2356.42,Completed,37,2025-12-31 13:00:00,Dec,12,Q4
ORD01187,2025-09-08,CUST0094,EMP003,Pune,Office Supplies,Desk Organizer,2,8354.26,0.05,7936.55,4907.03,3029.52,Cancelled,22,2025-09-08 22:00:00,Sep,9,Q3
ORD01188,2025-06-28,CUST0075,EMP007,Bengaluru,Beauty,Shampoo,5,30792.45,0.15,26173.58,22171.05,4002.53,Completed,16,2025-06-28 16:00:00,Jun,6,Q2
ORD01189,2025-07-01,CUST0157,EMP008,Kolkata,Office Supplies,Notebook,7,22025.85,0.1,19823.26,14323.97,5499.29,Completed,36,2025-07-02 12:00:00,Jul,7,Q3
ORD01190,2025-06-01,CUST0153,EMP010,Chennai,Fashion,Sneakers,7,36707.02,0.1,33036.32,19418.32,13618.0,Completed,5,2025-06-01 05:00:00,Jun,6,Q2
ORD01191,2025-01-25,CUST0142,EMP006,Ahmedabad,Beauty,Face Wash,6,20062.5,0.1,18056.25,12319.4,5736.85,Completed,37,2025-01-26 13:00:00,Jan,1,Q1
ORD01192,2025-06-29,CUST0078,EMP010,Ahmedabad,Beauty,Moisturizer,3,8078.31,0.1,7270.48,4494.84,2775.64,Completed,32,2025-06-30 08:00:00,Jun,6,Q2
ORD01193,2025-07-17,CUST0182,EMP009,Hyderabad,Electronics,USB Hub,5,1787.9,0.0,1787.9,1101.16,686.74,Cancelled,13,2025-07-17 13:00:00,Jul,7,Q3
ORD01194,2025-12-10,CUST0195,EMP006,Chennai,Fashion,Backpack,5,913.4,0.2,730.72,524.0,206.72,Delayed,91,2025-12-13 19:00:00,Dec,12,Q4
ORD01195,2025-06-10,CUST0158,EMP009,Bengaluru,Home & Kitchen,Mixer Grinder,1,2047.18,0.0,2047.18,1579.86,467.32,Pending,19,2025-06-10 19:00:00,Jun,6,Q2
ORD01196,2025-06-26,CUST0146,EMP004,Kolkata,Electronics,Keyboard,7,24804.43,0.05,23564.21,20049.23,3514.98,Pending,12,2025-06-26 12:00:00,Jun,6,Q2
ORD01197,2025-10-12,CUST0054,EMP008,Ahmedabad,Electronics,USB Hub,1,7258.03,0.15,6169.33,4415.47,1753.86,Completed,31,2025-10-13 07:00:00,Oct,10,Q4
ORD01198,2025-03-04,CUST0277,EMP004,Hyderabad,Office Supplies,File Folder,1,6817.34,0.05,6476.47,5626.28,850.19,Completed,6,2025-03-04 06:00:00,Mar,3,Q1
ORD01199,2025-05-30,CUST0083,EMP002,Kolkata,Office Supplies,Desk Organizer,5,11904.15,0.2,9523.32,8197.1,1326.22,Delayed,94,2025-06-02 22:00:00,May,5,Q2
ORD01200,2025-06-03,CUST0156,EMP010,Bengaluru,Office Supplies,Pen Set,2,4383.82,0.1,3945.44,3296.3,649.14,Completed,13,2025-06-03 13:00:00,Jun,6,Q2
ORD01201,2025-06-05,CUST0004,EMP009,Pune,Electronics,Headphones,3,6144.42,0.2,4915.54,3514.57,1400.97,Cancelled,19,2025-06-05 19:00:00,Jun,6,Q2
ORD01202,2025-02-18,CUST0271,EMP005,Hyderabad,Home & Kitchen,Cookware Set,3,8947.89,0.15,7605.71,4536.79,3068.92,Completed,30,2025-02-19 06:00:00,Feb,2,Q1
ORD01203,2025-12-03,CUST0064,EMP004,Chennai,Beauty,Face Wash,7,30169.72,0.25,22627.29,14072.1,8555.19,Completed,34,2025-12-04 10:00:00,Dec,12,Q4
ORD01204,2025-03-25,CUST0112,EMP002,Bengaluru,Office Supplies,Desk Organizer,6,22877.28,0.2,18301.82,13977.67,4324.15,Completed,30,2025-03-26 06:00:00,Mar,3,Q1
ORD01205,2025-12-27,CUST0239,EMP001,Ahmedabad,Home & Kitchen,Storage Box,7,13808.06,0.2,11046.45,7612.98,3433.47,Completed,45,2025-12-28 21:00:00,Dec,12,Q4
ORD01206,2025-06-26,CUST0144,EMP007,Mumbai,Fashion,Backpack,2,2478.54,0.15,2106.76,1260.78,845.98,Completed,4,2025-06-26 04:00:00,Jun,6,Q2
ORD01207,2025-05-28,CUST0020,EMP006,Chennai,Office Supplies,Notebook,2,510.04,0.05,484.54,343.09,141.45,Completed,9,2025-05-28 09:00:00,May,5,Q2
ORD01208,2025-04-28,CUST0064,EMP002,Ahmedabad,Beauty,Perfume,3,4306.77,0.0,4306.77,2393.5,1913.27,Completed,14,2025-04-28 14:00:00,Apr,4,Q2
ORD01209,2025-12-08,CUST0289,EMP008,Chennai,Fashion,Sneakers,4,24158.92,0.1,21743.03,17224.51,4518.52,Completed,37,2025-12-09 13:00:00,Dec,12,Q4
ORD01210,2025-03-04,CUST0081,EMP004,Hyderabad,Fashion,T-Shirt,1,2184.38,0.25,1638.28,940.83,697.45,Delayed,52,2025-03-06 04:00:00,Mar,3,Q1
ORD01211,2025-07-08,CUST0197,EMP008,Kolkata,Beauty,Perfume,1,4062.83,0.15,3453.41,2616.33,837.08,Cancelled,20,2025-07-08 20:00:00,Jul,7,Q3
ORD01212,2025-12-26,CUST0069,EMP007,Delhi,Office Supplies,Notebook,3,15262.08,0.2,12209.66,9910.5,2299.16,Cancelled,13,2025-12-26 13:00:00,Dec,12,Q4
ORD01213,2025-02-18,CUST0186,EMP005,Chennai,Electronics,Keyboard,7,52885.84,0.15,44952.96,26691.83,18261.13,Pending,4,2025-02-18 04:00:00,Feb,2,Q1
ORD01214,2025-11-23,CUST0167,EMP010,Bengaluru,Beauty,Moisturizer,2,15143.88,0.0,15143.88,10921.02,4222.86,Completed,21,2025-11-23 21:00:00,Nov,11,Q4
ORD01215,2025-09-14,CUST0205,EMP010,Mumbai,Beauty,Shampoo,7,44638.16,0.05,42406.25,34225.76,8180.49,Delayed,95,2025-09-17 23:00:00,Sep,9,Q3
ORD01216,2025-08-12,CUST0164,EMP008,Pune,Beauty,Hair Dryer,6,2661.36,0.05,2528.29,1608.02,920.27,Cancelled,13,2025-08-12 13:00:00,Aug,8,Q3
ORD01217,2025-05-21,CUST0094,EMP009,Mumbai,Fashion,Jacket,4,19807.36,0.0,19807.36,11958.94,7848.42,Completed,7,2025-05-21 07:00:00,May,5,Q2
ORD01218,2025-08-03,CUST0249,EMP005,Bengaluru,Home & Kitchen,Table Lamp,3,20153.91,0.1,18138.52,11992.29,6146.23,Completed,16,2025-08-03 16:00:00,Aug,8,Q3
ORD01219,2025-07-30,CUST0068,EMP010,Hyderabad,Electronics,Wireless Mouse,1,294.36,0.25,220.77,161.84,58.93,Completed,21,2025-07-30 21:00:00,Jul,7,Q3
ORD01220,2025-11-14,CUST0021,EMP005,Bengaluru,Office Supplies,Desk Organizer,5,23699.35,0.15,20144.45,14903.72,5240.73,Completed,32,2025-11-15 08:00:00,Nov,11,Q4
ORD01221,2025-02-01,CUST0085,EMP002,Delhi,Office Supplies,Pen Set,7,51186.31,0.05,48626.99,28845.0,19781.99,Delayed,65,2025-02-03 17:00:00,Feb,2,Q1
ORD01222,2025-06-07,CUST0024,EMP005,Delhi,Home & Kitchen,Water Bottle,2,8217.5,0.0,8217.5,5760.45,2457.05,Delayed,62,2025-06-09 14:00:00,Jun,6,Q2
ORD01223,2025-10-12,CUST0111,EMP003,Delhi,Beauty,Shampoo,5,921.45,0.05,875.38,558.96,316.42,Completed,30,2025-10-13 06:00:00,Oct,10,Q4
ORD01224,2025-11-01,CUST0083,EMP007,Chennai,Electronics,Keyboard,6,1451.76,0.1,1306.58,1081.68,224.9,Completed,22,2025-11-01 22:00:00,Nov,11,Q4
ORD01225,2025-10-13,CUST0078,EMP010,Hyderabad,Office Supplies,Calculator,3,10886.73,0.05,10342.39,6758.54,3583.85,Cancelled,13,2025-10-13 13:00:00,Oct,10,Q4
ORD01226,2025-05-24,CUST0140,EMP005,Kolkata,Office Supplies,Pen Set,7,10110.24,0.0,10110.24,8358.87,1751.37,Completed,41,2025-05-25 17:00:00,May,5,Q2
ORD01227,2025-01-19,CUST0271,EMP008,Delhi,Beauty,Perfume,1,5698.16,0.05,5413.25,3742.86,1670.39,Completed,22,2025-01-19 22:00:00,Jan,1,Q1
ORD01228,2025-01-18,CUST0169,EMP001,Kolkata,Home & Kitchen,Table Lamp,7,42479.29,0.05,40355.33,31871.56,8483.77,Completed,4,2025-01-18 04:00:00,Jan,1,Q1
ORD01229,2025-09-14,CUST0197,EMP003,Pune,Electronics,Keyboard,4,6541.2,0.2,5232.96,3758.94,1474.02,Completed,43,2025-09-15 19:00:00,Sep,9,Q3
ORD01230,2025-03-19,CUST0262,EMP003,Pune,Home & Kitchen,Mixer Grinder,5,37846.25,0.0,37846.25,28583.29,9262.96,Cancelled,10,2025-03-19 10:00:00,Mar,3,Q1
ORD01231,2025-06-24,CUST0215,EMP009,Kolkata,Home & Kitchen,Storage Box,4,15359.72,0.0,15359.72,10451.79,4907.93,Cancelled,14,2025-06-24 14:00:00,Jun,6,Q2
ORD01232,2025-07-13,CUST0067,EMP005,Ahmedabad,Electronics,Headphones,6,8056.56,0.0,8056.56,6473.51,1583.05,Cancelled,14,2025-07-13 14:00:00,Jul,7,Q3
ORD01233,2025-04-23,CUST0229,EMP009,Bengaluru,Electronics,Headphones,1,6531.5,0.05,6204.92,4283.33,1921.59,Completed,18,2025-04-23 18:00:00,Apr,4,Q2
ORD01234,2025-04-24,CUST0161,EMP009,Delhi,Office Supplies,Calculator,5,33731.45,0.1,30358.3,21280.03,9078.27,Completed,42,2025-04-25 18:00:00,Apr,4,Q2
ORD01235,2025-08-10,CUST0122,EMP001,Chennai,Office Supplies,Pen Set,6,32928.72,0.15,27989.41,20175.72,7813.69,Completed,42,2025-08-11 18:00:00,Aug,8,Q3
ORD01236,2025-06-15,CUST0149,EMP002,Ahmedabad,Electronics,USB Hub,4,29105.76,0.1,26195.18,21597.98,4597.2,Delayed,60,2025-06-17 12:00:00,Jun,6,Q2
ORD01237,2025-11-15,CUST0193,EMP005,Pune,Fashion,Sneakers,4,25228.24,0.1,22705.42,17428.57,5276.85,Delayed,49,2025-11-17 01:00:00,Nov,11,Q4
ORD01238,2025-05-12,CUST0231,EMP004,Mumbai,Office Supplies,Notebook,5,37582.1,0.05,35702.99,23750.45,11952.54,Completed,47,2025-05-13 23:00:00,May,5,Q2
ORD01239,2025-09-21,CUST0111,EMP010,Hyderabad,Fashion,T-Shirt,1,3772.97,0.1,3395.67,2618.76,776.91,Cancelled,12,2025-09-21 12:00:00,Sep,9,Q3
ORD01240,2025-02-24,CUST0145,EMP009,Mumbai,Electronics,Headphones,4,25569.76,0.0,25569.76,19484.18,6085.58,Completed,35,2025-02-25 11:00:00,Feb,2,Q1
ORD01241,2025-12-25,CUST0221,EMP007,Kolkata,Office Supplies,File Folder,3,25493.79,0.05,24219.1,20761.49,3457.61,Completed,7,2025-12-25 07:00:00,Dec,12,Q4
ORD01242,2025-05-11,CUST0064,EMP006,Ahmedabad,Home & Kitchen,Storage Box,6,37219.08,0.15,31636.22,26184.27,5451.95,Completed,4,2025-05-11 04:00:00,May,5,Q2
ORD01243,2025-10-15,CUST0126,EMP007,Pune,Electronics,Keyboard,5,5517.15,0.15,4689.58,3581.23,1108.35,Pending,9,2025-10-15 09:00:00,Oct,10,Q4
ORD01244,2025-09-23,CUST0218,EMP001,Pune,Beauty,Perfume,2,8955.92,0.15,7612.53,5044.8,2567.73,Completed,10,2025-09-23 10:00:00,Sep,9,Q3
ORD01245,2025-06-11,CUST0284,EMP001,Bengaluru,Fashion,Sneakers,2,10108.7,0.05,9603.26,7752.33,1850.93,Completed,12,2025-06-11 12:00:00,Jun,6,Q2
ORD01246,2025-03-28,CUST0236,EMP008,Bengaluru,Electronics,Power Bank,1,1604.66,0.05,1524.43,1127.8,396.63,Completed,4,2025-03-28 04:00:00,Mar,3,Q1
ORD01247,2025-02-24,CUST0013,EMP002,Delhi,Electronics,Power Bank,3,24570.45,0.25,18427.84,16126.92,2300.92,Completed,19,2025-02-24 19:00:00,Feb,2,Q1
ORD01248,2025-10-15,CUST0153,EMP010,Kolkata,Office Supplies,File Folder,4,6464.36,0.0,6464.36,4083.39,2380.97,Completed,21,2025-10-15 21:00:00,Oct,10,Q4
ORD01249,2025-06-27,CUST0239,EMP009,Hyderabad,Office Supplies,Notebook,2,3265.22,0.0,3265.22,1881.7,1383.52,Pending,10,2025-06-27 10:00:00,Jun,6,Q2
ORD01250,2025-12-15,CUST0190,EMP007,Delhi,Office Supplies,File Folder,1,7791.65,0.0,7791.65,4465.12,3326.53,Completed,5,2025-12-15 05:00:00,Dec,12,Q4
ORD01251,2025-01-08,CUST0151,EMP006,Ahmedabad,Beauty,Perfume,6,24206.82,0.05,22996.48,17505.15,5491.33,Completed,12,2025-01-08 12:00:00,Jan,1,Q1
ORD01252,2025-11-17,CUST0086,EMP001,Bengaluru,Office Supplies,File Folder,3,2032.86,0.05,1931.22,1660.76,270.46,Completed,7,2025-11-17 07:00:00,Nov,11,Q4
ORD01253,2025-11-09,CUST0021,EMP001,Chennai,Electronics,Power Bank,3,15434.61,0.1,13891.15,7648.99,6242.16,Delayed,71,2025-11-11 23:00:00,Nov,11,Q4
ORD01254,2025-09-04,CUST0182,EMP002,Hyderabad,Office Supplies,Calculator,7,36226.75,0.1,32604.08,25741.07,6863.01,Completed,26,2025-09-05 02:00:00,Sep,9,Q3
ORD01255,2025-11-19,CUST0158,EMP006,Chennai,Home & Kitchen,Mixer Grinder,1,688.58,0.2,550.86,422.42,128.44,Completed,46,2025-11-20 22:00:00,Nov,11,Q4
ORD01256,2025-09-12,CUST0076,EMP006,Ahmedabad,Office Supplies,Calculator,1,8270.56,0.0,8270.56,6547.47,1723.09,Delayed,95,2025-09-15 23:00:00,Sep,9,Q3
ORD01257,2025-11-24,CUST0203,EMP002,Delhi,Beauty,Shampoo,7,32848.55,0.05,31206.12,20823.34,10382.78,Completed,46,2025-11-25 22:00:00,Nov,11,Q4
ORD01258,2025-02-23,CUST0229,EMP001,Bengaluru,Home & Kitchen,Storage Box,4,19297.16,0.1,17367.44,14254.57,3112.87,Pending,17,2025-02-23 17:00:00,Feb,2,Q1
ORD01259,2025-09-06,CUST0152,EMP010,Hyderabad,Electronics,Keyboard,1,4492.96,0.1,4043.66,2283.67,1759.99,Completed,42,2025-09-07 18:00:00,Sep,9,Q3
ORD01260,2025-08-27,CUST0263,EMP005,Ahmedabad,Electronics,Headphones,7,36747.27,0.1,33072.54,26434.63,6637.91,Completed,28,2025-08-28 04:00:00,Aug,8,Q3
ORD01261,2025-08-17,CUST0072,EMP005,Delhi,Fashion,Jacket,4,9427.6,0.15,8013.46,5113.66,2899.8,Delayed,69,2025-08-19 21:00:00,Aug,8,Q3
ORD01262,2025-03-08,CUST0225,EMP002,Pune,Home & Kitchen,Cookware Set,4,10193.88,0.0,10193.88,7210.71,2983.17,Completed,38,2025-03-09 14:00:00,Mar,3,Q1
ORD01263,2025-02-20,CUST0131,EMP006,Delhi,Fashion,Sneakers,5,22098.4,0.15,18783.64,15430.2,3353.44,Completed,20,2025-02-20 20:00:00,Feb,2,Q1
ORD01264,2025-04-07,CUST0028,EMP009,Kolkata,Home & Kitchen,Storage Box,3,20657.49,0.1,18591.74,11890.32,6701.42,Completed,21,2025-04-07 21:00:00,Apr,4,Q2
ORD01265,2025-04-02,CUST0299,EMP002,Mumbai,Home & Kitchen,Cookware Set,6,3398.22,0.0,3398.22,2076.72,1321.5,Completed,30,2025-04-03 06:00:00,Apr,4,Q2
ORD01266,2025-09-21,CUST0097,EMP010,Pune,Beauty,Hair Dryer,3,15565.29,0.2,12452.23,9648.4,2803.83,Completed,18,2025-09-21 18:00:00,Sep,9,Q3
ORD01267,2025-10-18,CUST0046,EMP002,Chennai,Fashion,Sneakers,3,20659.8,0.1,18593.82,13499.49,5094.33,Pending,22,2025-10-18 22:00:00,Oct,10,Q4
ORD01268,2025-04-06,CUST0001,EMP003,Pune,Beauty,Hair Dryer,5,7301.3,0.0,7301.3,5255.13,2046.17,Completed,46,2025-04-07 22:00:00,Apr,4,Q2
ORD01269,2025-03-29,CUST0166,EMP007,Delhi,Home & Kitchen,Water Bottle,4,1101.76,0.0,1101.76,699.32,402.44,Completed,8,2025-03-29 08:00:00,Mar,3,Q1
ORD01270,2025-03-19,CUST0245,EMP006,Ahmedabad,Electronics,USB Hub,4,11044.64,0.0,11044.64,6201.68,4842.96,Completed,19,2025-03-19 19:00:00,Mar,3,Q1
ORD01271,2025-10-15,CUST0219,EMP008,Pune,Home & Kitchen,Mixer Grinder,1,5061.0,0.1,4554.9,3121.88,1433.02,Completed,18,2025-10-15 18:00:00,Oct,10,Q4
ORD01272,2025-04-30,CUST0102,EMP008,Mumbai,Beauty,Face Wash,5,6523.3,0.0,6523.3,3817.2,2706.1,Pending,24,2025-05-01 00:00:00,Apr,4,Q2
ORD01273,2025-10-29,CUST0291,EMP006,Kolkata,Fashion,T-Shirt,1,3708.12,0.05,3522.71,2990.7,532.01,Pending,23,2025-10-29 23:00:00,Oct,10,Q4
ORD01274,2025-06-14,CUST0204,EMP010,Delhi,Fashion,Backpack,5,23809.4,0.0,23809.4,13419.28,10390.12,Cancelled,9,2025-06-14 09:00:00,Jun,6,Q2
ORD01275,2025-07-01,CUST0202,EMP003,Mumbai,Beauty,Moisturizer,1,5150.67,0.15,4378.07,3031.57,1346.5,Completed,11,2025-07-01 11:00:00,Jul,7,Q3
ORD01276,2025-08-11,CUST0054,EMP003,Pune,Fashion,Backpack,2,4882.68,0.15,4150.28,2354.21,1796.07,Completed,13,2025-08-11 13:00:00,Aug,8,Q3
ORD01277,2025-11-07,CUST0280,EMP001,Mumbai,Office Supplies,Calculator,7,24431.75,0.15,20766.99,12076.62,8690.37,Completed,8,2025-11-07 08:00:00,Nov,11,Q4
ORD01278,2025-01-07,CUST0278,EMP007,Pune,Electronics,Headphones,3,19947.39,0.0,19947.39,15308.15,4639.24,Completed,29,2025-01-08 05:00:00,Jan,1,Q1
ORD01279,2025-11-26,CUST0016,EMP005,Hyderabad,Electronics,Keyboard,3,24027.42,0.2,19221.94,14676.85,4545.09,Pending,4,2025-11-26 04:00:00,Nov,11,Q4
ORD01280,2025-09-20,CUST0013,EMP004,Pune,Electronics,Wireless Mouse,6,44080.2,0.1,39672.18,22252.41,17419.77,Completed,47,2025-09-21 23:00:00,Sep,9,Q3
ORD01281,2025-06-10,CUST0087,EMP010,Bengaluru,Fashion,Jacket,7,34032.39,0.2,27225.91,14984.42,12241.49,Cancelled,6,2025-06-10 06:00:00,Jun,6,Q2
ORD01282,2025-05-31,CUST0078,EMP004,Mumbai,Fashion,T-Shirt,4,14303.76,0.05,13588.57,7827.15,5761.42,Completed,16,2025-05-31 16:00:00,May,5,Q2
ORD01283,2025-03-26,CUST0067,EMP004,Ahmedabad,Home & Kitchen,Storage Box,6,17581.14,0.05,16702.08,13391.55,3310.53,Completed,12,2025-03-26 12:00:00,Mar,3,Q1
ORD01284,2025-05-27,CUST0211,EMP006,Kolkata,Home & Kitchen,Table Lamp,2,2386.78,0.15,2028.76,1507.19,521.57,Delayed,88,2025-05-30 16:00:00,May,5,Q2
ORD01285,2025-04-22,CUST0214,EMP008,Mumbai,Electronics,Power Bank,6,6238.2,0.0,6238.2,3509.48,2728.72,Completed,31,2025-04-23 07:00:00,Apr,4,Q2
ORD01286,2025-02-05,CUST0185,EMP008,Chennai,Office Supplies,Pen Set,3,17693.37,0.1,15924.03,11323.13,4600.9,Pending,17,2025-02-05 17:00:00,Feb,2,Q1
ORD01287,2025-10-12,CUST0033,EMP005,Kolkata,Home & Kitchen,Storage Box,4,9277.12,0.15,7885.55,6189.92,1695.63,Completed,40,2025-10-13 16:00:00,Oct,10,Q4
ORD01288,2025-07-07,CUST0115,EMP006,Kolkata,Home & Kitchen,Storage Box,2,4552.86,0.15,3869.93,3238.18,631.75,Cancelled,2,2025-07-07 02:00:00,Jul,7,Q3
ORD01289,2025-03-23,CUST0275,EMP004,Chennai,Fashion,Jeans,3,25454.79,0.25,19091.09,16384.59,2706.5,Completed,47,2025-03-24 23:00:00,Mar,3,Q1
ORD01290,2025-01-02,CUST0198,EMP009,Bengaluru,Office Supplies,Pen Set,7,12034.26,0.1,10830.83,7127.29,3703.54,Completed,36,2025-01-03 12:00:00,Jan,1,Q1
ORD01291,2025-10-30,CUST0143,EMP008,Mumbai,Electronics,Power Bank,1,1386.3,0.05,1316.98,783.37,533.61,Completed,23,2025-10-30 23:00:00,Oct,10,Q4
ORD01292,2025-07-16,CUST0228,EMP010,Kolkata,Home & Kitchen,Storage Box,5,4870.1,0.0,4870.1,3059.33,1810.77,Completed,33,2025-07-17 09:00:00,Jul,7,Q3
ORD01293,2025-01-11,CUST0120,EMP010,Mumbai,Office Supplies,File Folder,2,9982.74,0.1,8984.47,7242.71,1741.76,Pending,12,2025-01-11 12:00:00,Jan,1,Q1
ORD01294,2025-08-22,CUST0024,EMP001,Kolkata,Office Supplies,Notebook,4,21570.64,0.1,19413.58,16901.26,2512.32,Completed,12,2025-08-22 12:00:00,Aug,8,Q3
ORD01295,2025-07-14,CUST0027,EMP002,Chennai,Electronics,USB Hub,6,19197.9,0.05,18238.0,12837.91,5400.09,Completed,48,2025-07-16 00:00:00,Jul,7,Q3
ORD01296,2025-04-29,CUST0075,EMP009,Chennai,Office Supplies,Calculator,7,32344.9,0.0,32344.9,21048.98,11295.92,Cancelled,19,2025-04-29 19:00:00,Apr,4,Q2
ORD01297,2025-01-20,CUST0241,EMP008,Pune,Office Supplies,Notebook,6,40398.84,0.1,36358.96,25147.05,11211.91,Completed,39,2025-01-21 15:00:00,Jan,1,Q1
ORD01298,2025-09-18,CUST0023,EMP003,Delhi,Office Supplies,Calculator,2,13962.34,0.15,11867.99,7721.18,4146.81,Pending,16,2025-09-18 16:00:00,Sep,9,Q3
ORD01299,2025-10-20,CUST0161,EMP008,Mumbai,Home & Kitchen,Water Bottle,7,57039.99,0.25,42779.99,27149.93,15630.06,Pending,1,2025-10-20 01:00:00,Oct,10,Q4
ORD01300,2025-09-13,CUST0041,EMP001,Mumbai,Electronics,USB Hub,4,28130.56,0.15,23910.98,17836.1,6074.88,Cancelled,2,2025-09-13 02:00:00,Sep,9,Q3
ORD01301,2025-08-10,CUST0238,EMP010,Kolkata,Office Supplies,Calculator,2,9732.86,0.15,8272.93,4593.07,3679.86,Completed,6,2025-08-10 06:00:00,Aug,8,Q3
ORD01302,2025-08-14,CUST0239,EMP004,Pune,Office Supplies,Notebook,4,6600.56,0.1,5940.5,3776.09,2164.41,Pending,5,2025-08-14 05:00:00,Aug,8,Q3
ORD01303,2025-02-22,CUST0056,EMP003,Ahmedabad,Home & Kitchen,Cookware Set,6,5898.18,0.25,4423.64,3398.49,1025.15,Pending,9,2025-02-22 09:00:00,Feb,2,Q1
ORD01304,2025-12-21,CUST0098,EMP006,Mumbai,Electronics,USB Hub,3,1815.51,0.1,1633.96,915.97,717.99,Completed,35,2025-12-22 11:00:00,Dec,12,Q4
ORD01305,2025-12-08,CUST0146,EMP007,Kolkata,Fashion,Jacket,7,40008.43,0.2,32006.74,18482.5,13524.24,Cancelled,21,2025-12-08 21:00:00,Dec,12,Q4
ORD01306,2025-12-30,CUST0262,EMP004,Bengaluru,Home & Kitchen,Cookware Set,1,6892.93,0.2,5514.34,3566.79,1947.55,Pending,17,2025-12-30 17:00:00,Dec,12,Q4
ORD01307,2025-10-07,CUST0040,EMP007,Chennai,Electronics,Wireless Mouse,3,13192.53,0.2,10554.02,8861.95,1692.07,Pending,17,2025-10-07 17:00:00,Oct,10,Q4
ORD01308,2025-03-22,CUST0193,EMP009,Chennai,Office Supplies,Desk Organizer,1,606.86,0.05,576.52,462.61,113.91,Completed,29,2025-03-23 05:00:00,Mar,3,Q1
ORD01309,2025-07-21,CUST0239,EMP002,Delhi,Electronics,Wireless Mouse,6,27727.08,0.0,27727.08,15452.63,12274.45,Pending,15,2025-07-21 15:00:00,Jul,7,Q3
ORD01310,2025-06-07,CUST0042,EMP003,Chennai,Electronics,Keyboard,7,55744.57,0.0,55744.57,39888.88,15855.69,Completed,20,2025-06-07 20:00:00,Jun,6,Q2
ORD01311,2025-04-30,CUST0222,EMP005,Hyderabad,Electronics,Wireless Mouse,3,15420.21,0.0,15420.21,9878.91,5541.3,Completed,20,2025-04-30 20:00:00,Apr,4,Q2
ORD01312,2025-02-28,CUST0196,EMP003,Bengaluru,Fashion,Jeans,3,20726.16,0.0,20726.16,15835.89,4890.27,Completed,31,2025-03-01 07:00:00,Feb,2,Q1
ORD01313,2025-08-03,CUST0288,EMP008,Bengaluru,Electronics,Keyboard,2,13662.54,0.0,13662.54,10767.62,2894.92,Delayed,94,2025-08-06 22:00:00,Aug,8,Q3
ORD01314,2025-05-08,CUST0010,EMP010,Pune,Fashion,T-Shirt,5,39666.4,0.05,37683.08,31455.75,6227.33,Completed,43,2025-05-09 19:00:00,May,5,Q2
ORD01315,2025-08-12,CUST0235,EMP008,Hyderabad,Office Supplies,File Folder,6,39488.46,0.1,35539.61,25122.5,10417.11,Completed,26,2025-08-13 02:00:00,Aug,8,Q3
ORD01316,2025-07-28,CUST0265,EMP008,Mumbai,Fashion,T-Shirt,4,25573.2,0.15,21737.22,19088.94,2648.28,Pending,0,2025-07-28 00:00:00,Jul,7,Q3
ORD01317,2025-04-25,CUST0069,EMP009,Delhi,Office Supplies,Calculator,6,12628.56,0.05,11997.13,10478.24,1518.89,Completed,32,2025-04-26 08:00:00,Apr,4,Q2
ORD01318,2025-07-28,CUST0139,EMP004,Bengaluru,Office Supplies,Calculator,4,2601.52,0.1,2341.37,1969.36,372.01,Cancelled,16,2025-07-28 16:00:00,Jul,7,Q3
ORD01319,2025-01-14,CUST0219,EMP005,Hyderabad,Fashion,Backpack,7,31303.72,0.15,26608.16,19682.24,6925.92,Completed,41,2025-01-15 17:00:00,Jan,1,Q1
ORD01320,2025-01-09,CUST0196,EMP005,Hyderabad,Home & Kitchen,Water Bottle,4,4756.12,0.1,4280.51,2916.49,1364.02,Completed,32,2025-01-10 08:00:00,Jan,1,Q1
ORD01321,2025-02-09,CUST0074,EMP008,Kolkata,Beauty,Moisturizer,1,8184.34,0.2,6547.47,4388.43,2159.04,Completed,22,2025-02-09 22:00:00,Feb,2,Q1
ORD01322,2025-08-25,CUST0103,EMP007,Bengaluru,Electronics,USB Hub,4,10283.48,0.0,10283.48,5697.06,4586.42,Completed,30,2025-08-26 06:00:00,Aug,8,Q3
ORD01323,2025-10-08,CUST0225,EMP009,Ahmedabad,Beauty,Moisturizer,4,29088.32,0.0,29088.32,18390.44,10697.88,Cancelled,24,2025-10-09 00:00:00,Oct,10,Q4
ORD01324,2025-12-25,CUST0123,EMP008,Kolkata,Electronics,Wireless Mouse,2,6773.34,0.05,6434.67,5065.42,1369.25,Pending,1,2025-12-25 01:00:00,Dec,12,Q4
ORD01325,2025-07-20,CUST0102,EMP002,Pune,Electronics,Headphones,3,8546.01,0.0,8546.01,6402.66,2143.35,Pending,22,2025-07-20 22:00:00,Jul,7,Q3
ORD01326,2025-09-03,CUST0264,EMP010,Hyderabad,Office Supplies,Pen Set,6,47751.42,0.1,42976.28,36633.81,6342.47,Delayed,67,2025-09-05 19:00:00,Sep,9,Q3
ORD01327,2025-10-05,CUST0161,EMP004,Chennai,Electronics,Wireless Mouse,6,19102.44,0.05,18147.32,10280.59,7866.73,Completed,26,2025-10-06 02:00:00,Oct,10,Q4
ORD01328,2025-08-23,CUST0233,EMP006,Hyderabad,Electronics,Power Bank,7,23862.3,0.05,22669.18,13629.65,9039.53,Completed,42,2025-08-24 18:00:00,Aug,8,Q3
ORD01329,2025-01-04,CUST0275,EMP002,Mumbai,Fashion,Jacket,7,7251.09,0.0,7251.09,5876.65,1374.44,Cancelled,17,2025-01-04 17:00:00,Jan,1,Q1
ORD01330,2025-06-03,CUST0258,EMP007,Bengaluru,Beauty,Hair Dryer,4,22992.92,0.05,21843.27,14598.02,7245.25,Cancelled,19,2025-06-03 19:00:00,Jun,6,Q2
ORD01331,2025-01-29,CUST0139,EMP003,Ahmedabad,Fashion,Backpack,5,12809.05,0.1,11528.14,6790.7,4737.44,Delayed,76,2025-02-01 04:00:00,Jan,1,Q1
ORD01332,2025-04-19,CUST0227,EMP003,Mumbai,Electronics,Wireless Mouse,6,30238.74,0.1,27214.87,23917.21,3297.66,Delayed,51,2025-04-21 03:00:00,Apr,4,Q2
ORD01333,2025-04-08,CUST0273,EMP002,Pune,Office Supplies,Desk Organizer,7,35614.53,0.0,35614.53,28840.38,6774.15,Pending,17,2025-04-08 17:00:00,Apr,4,Q2
ORD01334,2025-08-03,CUST0086,EMP008,Delhi,Fashion,T-Shirt,4,24621.28,0.0,24621.28,16862.73,7758.55,Completed,24,2025-08-04 00:00:00,Aug,8,Q3
ORD01335,2025-10-20,CUST0291,EMP006,Chennai,Fashion,Jacket,7,44609.39,0.0,44609.39,36655.74,7953.65,Pending,1,2025-10-20 01:00:00,Oct,10,Q4
ORD01336,2025-03-16,CUST0217,EMP001,Bengaluru,Home & Kitchen,Mixer Grinder,1,4445.68,0.0,4445.68,3443.62,1002.06,Completed,39,2025-03-17 15:00:00,Mar,3,Q1
ORD01337,2025-11-22,CUST0066,EMP001,Hyderabad,Electronics,Power Bank,1,2913.78,0.2,2331.02,1889.74,441.28,Completed,41,2025-11-23 17:00:00,Nov,11,Q4
ORD01338,2025-05-26,CUST0257,EMP007,Chennai,Office Supplies,File Folder,7,49998.97,0.0,49998.97,40950.06,9048.91,Cancelled,24,2025-05-27 00:00:00,May,5,Q2
ORD01339,2025-05-08,CUST0135,EMP008,Hyderabad,Fashion,Jeans,1,2737.38,0.15,2326.77,1344.78,981.99,Delayed,57,2025-05-10 09:00:00,May,5,Q2
ORD01340,2025-12-07,CUST0055,EMP005,Pune,Fashion,T-Shirt,7,30713.9,0.2,24571.12,18565.47,6005.65,Completed,26,2025-12-08 02:00:00,Dec,12,Q4
ORD01341,2025-02-11,CUST0243,EMP005,Delhi,Office Supplies,Pen Set,4,14001.84,0.0,14001.84,7732.37,6269.47,Pending,14,2025-02-11 14:00:00,Feb,2,Q1
ORD01342,2025-12-22,CUST0252,EMP004,Ahmedabad,Electronics,USB Hub,2,14579.8,0.05,13850.81,7816.57,6034.24,Completed,16,2025-12-22 16:00:00,Dec,12,Q4
ORD01343,2025-02-10,CUST0021,EMP006,Ahmedabad,Home & Kitchen,Storage Box,5,18782.6,0.25,14086.95,11950.15,2136.8,Completed,40,2025-02-11 16:00:00,Feb,2,Q1
ORD01344,2025-02-03,CUST0163,EMP006,Bengaluru,Fashion,Backpack,4,13495.72,0.15,11471.36,8306.37,3164.99,Completed,29,2025-02-04 05:00:00,Feb,2,Q1
ORD01345,2025-01-17,CUST0264,EMP003,Pune,Home & Kitchen,Mixer Grinder,2,11820.06,0.1,10638.05,8434.35,2203.7,Completed,43,2025-01-18 19:00:00,Jan,1,Q1
ORD01346,2025-06-14,CUST0068,EMP009,Pune,Beauty,Moisturizer,2,10360.76,0.15,8806.65,7280.5,1526.15,Completed,10,2025-06-14 10:00:00,Jun,6,Q2
ORD01347,2025-06-02,CUST0107,EMP007,Delhi,Electronics,Wireless Mouse,6,6273.06,0.15,5332.1,4603.54,728.56,Cancelled,10,2025-06-02 10:00:00,Jun,6,Q2
ORD01348,2025-03-17,CUST0067,EMP001,Pune,Beauty,Face Wash,4,17572.84,0.05,16694.2,13971.15,2723.05,Completed,25,2025-03-18 01:00:00,Mar,3,Q1
ORD01349,2025-03-28,CUST0199,EMP007,Pune,Beauty,Shampoo,4,25164.96,0.2,20131.97,14283.49,5848.48,Completed,42,2025-03-29 18:00:00,Mar,3,Q1
ORD01350,2025-04-27,CUST0192,EMP005,Hyderabad,Beauty,Moisturizer,7,59036.74,0.1,53133.07,35114.06,18019.01,Cancelled,7,2025-04-27 07:00:00,Apr,4,Q2
ORD01351,2025-12-28,CUST0002,EMP005,Kolkata,Electronics,Wireless Mouse,2,10806.76,0.1,9726.08,5845.21,3880.87,Completed,33,2025-12-29 09:00:00,Dec,12,Q4
ORD01352,2025-12-08,CUST0257,EMP002,Mumbai,Electronics,Keyboard,2,6483.9,0.25,4862.92,3317.03,1545.89,Completed,21,2025-12-08 21:00:00,Dec,12,Q4
ORD01353,2025-01-27,CUST0001,EMP004,Hyderabad,Office Supplies,Desk Organizer,2,4076.74,0.15,3465.23,2324.97,1140.26,Completed,45,2025-01-28 21:00:00,Jan,1,Q1
ORD01354,2025-11-09,CUST0115,EMP006,Ahmedabad,Home & Kitchen,Water Bottle,7,52066.91,0.05,49463.56,36338.88,13124.68,Pending,15,2025-11-09 15:00:00,Nov,11,Q4
ORD01355,2025-10-14,CUST0088,EMP010,Delhi,Home & Kitchen,Water Bottle,6,41709.72,0.0,41709.72,32100.56,9609.16,Completed,13,2025-10-14 13:00:00,Oct,10,Q4
ORD01356,2025-05-14,CUST0197,EMP007,Chennai,Office Supplies,Notebook,4,8413.04,0.1,7571.74,6608.97,962.77,Cancelled,8,2025-05-14 08:00:00,May,5,Q2
ORD01357,2025-08-07,CUST0092,EMP005,Delhi,Office Supplies,Calculator,2,3650.56,0.15,3102.98,2452.49,650.49,Pending,15,2025-08-07 15:00:00,Aug,8,Q3
ORD01358,2025-06-17,CUST0274,EMP009,Delhi,Beauty,Hair Dryer,1,6121.39,0.1,5509.25,4200.46,1308.79,Delayed,79,2025-06-20 07:00:00,Jun,6,Q2
ORD01359,2025-04-08,CUST0160,EMP003,Delhi,Office Supplies,Calculator,4,11119.4,0.25,8339.55,5508.94,2830.61,Completed,10,2025-04-08 10:00:00,Apr,4,Q2
ORD01360,2025-09-25,CUST0173,EMP001,Delhi,Fashion,Jeans,7,18959.01,0.2,15167.21,8514.66,6652.55,Pending,9,2025-09-25 09:00:00,Sep,9,Q3
ORD01361,2025-08-25,CUST0033,EMP004,Pune,Home & Kitchen,Mixer Grinder,6,8529.72,0.05,8103.23,5227.24,2875.99,Pending,18,2025-08-25 18:00:00,Aug,8,Q3
ORD01362,2025-11-05,CUST0073,EMP009,Delhi,Office Supplies,File Folder,1,2354.2,0.0,2354.2,1891.81,462.39,Completed,4,2025-11-05 04:00:00,Nov,11,Q4
ORD01363,2025-06-22,CUST0196,EMP004,Chennai,Fashion,Jeans,7,26037.83,0.1,23434.05,14476.14,8957.91,Completed,21,2025-06-22 21:00:00,Jun,6,Q2
ORD01364,2025-07-09,CUST0284,EMP002,Delhi,Fashion,Jeans,3,18807.6,0.1,16926.84,13287.94,3638.9,Pending,14,2025-07-09 14:00:00,Jul,7,Q3
ORD01365,2025-05-02,CUST0087,EMP010,Hyderabad,Fashion,T-Shirt,4,11832.68,0.1,10649.41,7894.7,2754.71,Completed,28,2025-05-03 04:00:00,May,5,Q2
ORD01366,2025-02-15,CUST0224,EMP005,Pune,Fashion,Sneakers,3,8681.55,0.1,7813.4,4740.49,3072.91,Completed,43,2025-02-16 19:00:00,Feb,2,Q1
ORD01367,2025-03-05,CUST0044,EMP003,Ahmedabad,Beauty,Shampoo,7,17703.21,0.1,15932.89,10138.67,5794.22,Completed,11,2025-03-05 11:00:00,Mar,3,Q1
ORD01368,2025-05-10,CUST0138,EMP009,Hyderabad,Fashion,Sneakers,7,29005.69,0.05,27555.41,19668.51,7886.9,Cancelled,15,2025-05-10 15:00:00,May,5,Q2
ORD01369,2025-11-06,CUST0270,EMP004,Ahmedabad,Beauty,Perfume,7,11608.24,0.05,11027.83,7587.85,3439.98,Cancelled,20,2025-11-06 20:00:00,Nov,11,Q4
ORD01370,2025-12-29,CUST0036,EMP006,Pune,Beauty,Hair Dryer,2,8410.04,0.1,7569.04,6107.66,1461.38,Delayed,88,2026-01-01 16:00:00,Dec,12,Q4
ORD01371,2025-07-12,CUST0034,EMP002,Hyderabad,Fashion,T-Shirt,6,36179.22,0.0,36179.22,28666.73,7512.49,Completed,41,2025-07-13 17:00:00,Jul,7,Q3
ORD01372,2025-11-03,CUST0088,EMP006,Ahmedabad,Home & Kitchen,Cookware Set,2,797.5,0.05,757.62,560.34,197.28,Cancelled,1,2025-11-03 01:00:00,Nov,11,Q4
ORD01373,2025-06-30,CUST0146,EMP003,Bengaluru,Fashion,T-Shirt,6,1389.96,0.05,1320.46,1084.56,235.9,Pending,13,2025-06-30 13:00:00,Jun,6,Q2
ORD01374,2025-10-19,CUST0016,EMP009,Mumbai,Fashion,Jacket,5,3886.4,0.1,3497.76,2573.24,924.52,Completed,43,2025-10-20 19:00:00,Oct,10,Q4
ORD01375,2025-10-09,CUST0233,EMP002,Mumbai,Fashion,T-Shirt,2,9245.52,0.0,9245.52,8027.41,1218.11,Cancelled,21,2025-10-09 21:00:00,Oct,10,Q4
ORD01376,2025-01-29,CUST0041,EMP009,Pune,Home & Kitchen,Water Bottle,3,21854.1,0.15,18575.98,11548.39,7027.59,Completed,18,2025-01-29 18:00:00,Jan,1,Q1
ORD01377,2025-05-29,CUST0255,EMP005,Bengaluru,Electronics,Power Bank,6,1144.74,0.1,1030.27,809.45,220.82,Pending,3,2025-05-29 03:00:00,May,5,Q2
ORD01378,2025-09-24,CUST0281,EMP008,Chennai,Electronics,Wireless Mouse,2,15942.24,0.1,14348.02,9643.04,4704.98,Cancelled,0,2025-09-24 00:00:00,Sep,9,Q3
ORD01379,2025-10-23,CUST0126,EMP002,Bengaluru,Beauty,Moisturizer,4,4149.72,0.15,3527.26,2264.71,1262.55,Completed,33,2025-10-24 09:00:00,Oct,10,Q4
ORD01380,2025-01-11,CUST0008,EMP006,Kolkata,Beauty,Face Wash,7,50263.92,0.05,47750.72,29105.39,18645.33,Completed,11,2025-01-11 11:00:00,Jan,1,Q1
ORD01381,2025-06-13,CUST0176,EMP003,Pune,Home & Kitchen,Cookware Set,6,25091.04,0.1,22581.94,16537.35,6044.59,Delayed,75,2025-06-16 03:00:00,Jun,6,Q2
ORD01382,2025-04-23,CUST0228,EMP010,Bengaluru,Office Supplies,Calculator,6,33933.78,0.25,25450.34,15807.33,9643.01,Delayed,57,2025-04-25 09:00:00,Apr,4,Q2
ORD01383,2025-07-06,CUST0018,EMP005,Chennai,Electronics,USB Hub,2,8828.4,0.15,7504.14,4623.42,2880.72,Delayed,81,2025-07-09 09:00:00,Jul,7,Q3
ORD01384,2025-10-22,CUST0056,EMP008,Pune,Beauty,Perfume,5,20666.75,0.25,15500.06,13591.62,1908.44,Completed,18,2025-10-22 18:00:00,Oct,10,Q4
ORD01385,2025-08-20,CUST0035,EMP010,Mumbai,Electronics,Keyboard,2,14242.82,0.15,12106.4,9861.59,2244.81,Delayed,74,2025-08-23 02:00:00,Aug,8,Q3
ORD01386,2025-08-15,CUST0118,EMP001,Delhi,Home & Kitchen,Water Bottle,3,19384.95,0.0,19384.95,15448.47,3936.48,Completed,16,2025-08-15 16:00:00,Aug,8,Q3
ORD01387,2025-11-06,CUST0282,EMP005,Bengaluru,Home & Kitchen,Table Lamp,3,12559.23,0.0,12559.23,10198.6,2360.63,Completed,27,2025-11-07 03:00:00,Nov,11,Q4
ORD01388,2025-04-08,CUST0254,EMP003,Mumbai,Office Supplies,Calculator,6,6492.96,0.1,5843.66,5082.49,761.17,Completed,43,2025-04-09 19:00:00,Apr,4,Q2
ORD01389,2025-02-24,CUST0213,EMP004,Mumbai,Office Supplies,Desk Organizer,6,6681.66,0.05,6347.58,4692.01,1655.57,Cancelled,18,2025-02-24 18:00:00,Feb,2,Q1
ORD01390,2025-04-21,CUST0061,EMP002,Hyderabad,Home & Kitchen,Water Bottle,2,13685.7,0.05,13001.42,8095.73,4905.69,Completed,31,2025-04-22 07:00:00,Apr,4,Q2
ORD01391,2025-06-01,CUST0088,EMP009,Chennai,Beauty,Hair Dryer,3,13711.23,0.15,11654.55,9726.06,1928.49,Completed,14,2025-06-01 14:00:00,Jun,6,Q2
ORD01392,2025-09-03,CUST0271,EMP003,Kolkata,Electronics,Keyboard,3,12513.81,0.05,11888.12,9452.26,2435.86,Completed,9,2025-09-03 09:00:00,Sep,9,Q3
ORD01393,2025-03-10,CUST0032,EMP002,Delhi,Fashion,Jacket,5,29163.65,0.05,27705.47,19025.95,8679.52,Pending,11,2025-03-10 11:00:00,Mar,3,Q1
ORD01394,2025-11-08,CUST0133,EMP010,Bengaluru,Office Supplies,Notebook,4,29285.32,0.15,24892.52,17581.04,7311.48,Completed,4,2025-11-08 04:00:00,Nov,11,Q4
ORD01395,2025-10-16,CUST0064,EMP009,Mumbai,Fashion,Backpack,5,27005.45,0.15,22954.63,15740.29,7214.34,Completed,28,2025-10-17 04:00:00,Oct,10,Q4
ORD01396,2025-09-07,CUST0199,EMP007,Mumbai,Beauty,Face Wash,1,6519.78,0.05,6193.79,5307.34,886.45,Completed,5,2025-09-07 05:00:00,Sep,9,Q3
ORD01397,2025-02-05,CUST0256,EMP006,Kolkata,Office Supplies,Calculator,7,45780.07,0.15,38913.06,25813.58,13099.48,Completed,35,2025-02-06 11:00:00,Feb,2,Q1
ORD01398,2025-08-27,CUST0155,EMP001,Chennai,Fashion,Backpack,5,15623.9,0.2,12499.12,10848.61,1650.51,Completed,16,2025-08-27 16:00:00,Aug,8,Q3
ORD01399,2025-05-28,CUST0231,EMP005,Delhi,Beauty,Moisturizer,2,4877.18,0.05,4633.32,3940.13,693.19,Cancelled,18,2025-05-28 18:00:00,May,5,Q2
ORD01400,2025-08-15,CUST0035,EMP003,Ahmedabad,Electronics,USB Hub,4,27358.88,0.0,27358.88,20740.0,6618.88,Pending,6,2025-08-15 06:00:00,Aug,8,Q3
ORD01401,2025-09-01,CUST0026,EMP001,Delhi,Beauty,Hair Dryer,2,6598.88,0.0,6598.88,4892.02,1706.86,Cancelled,4,2025-09-01 04:00:00,Sep,9,Q3
ORD01402,2025-12-03,CUST0023,EMP004,Kolkata,Office Supplies,Pen Set,7,53850.02,0.1,48465.02,32574.77,15890.25,Delayed,63,2025-12-05 15:00:00,Dec,12,Q4
ORD01403,2025-12-31,CUST0141,EMP002,Mumbai,Home & Kitchen,Table Lamp,1,731.92,0.05,695.32,386.63,308.69,Completed,7,2025-12-31 07:00:00,Dec,12,Q4
ORD01404,2025-07-20,CUST0285,EMP002,Mumbai,Electronics,Power Bank,4,2544.48,0.25,1908.36,1129.97,778.39,Completed,27,2025-07-21 03:00:00,Jul,7,Q3
ORD01405,2025-06-03,CUST0156,EMP003,Mumbai,Fashion,Jacket,6,47342.88,0.15,40241.45,32148.75,8092.7,Delayed,50,2025-06-05 02:00:00,Jun,6,Q2
ORD01406,2025-03-14,CUST0113,EMP008,Mumbai,Office Supplies,Desk Organizer,3,16693.8,0.15,14189.73,10012.39,4177.34,Pending,18,2025-03-14 18:00:00,Mar,3,Q1
ORD01407,2025-07-20,CUST0139,EMP008,Ahmedabad,Home & Kitchen,Table Lamp,5,16598.25,0.25,12448.69,7462.32,4986.37,Pending,24,2025-07-21 00:00:00,Jul,7,Q3
ORD01408,2025-10-23,CUST0209,EMP007,Hyderabad,Beauty,Shampoo,2,12909.5,0.2,10327.6,6579.79,3747.81,Completed,24,2025-10-24 00:00:00,Oct,10,Q4
ORD01409,2025-01-17,CUST0086,EMP006,Hyderabad,Home & Kitchen,Cookware Set,1,5763.93,0.05,5475.73,4724.38,751.35,Completed,33,2025-01-18 09:00:00,Jan,1,Q1
ORD01410,2025-05-09,CUST0285,EMP009,Kolkata,Office Supplies,Notebook,3,13756.59,0.0,13756.59,9232.79,4523.8,Completed,29,2025-05-10 05:00:00,May,5,Q2
ORD01411,2025-08-05,CUST0060,EMP004,Delhi,Office Supplies,Desk Organizer,5,4877.95,0.15,4146.26,3522.39,623.87,Completed,23,2025-08-05 23:00:00,Aug,8,Q3
ORD01412,2025-03-02,CUST0054,EMP001,Pune,Home & Kitchen,Water Bottle,3,20795.1,0.05,19755.34,12851.44,6903.9,Completed,19,2025-03-02 19:00:00,Mar,3,Q1
ORD01413,2025-04-14,CUST0093,EMP008,Ahmedabad,Beauty,Perfume,5,36906.45,0.1,33215.8,24223.04,8992.76,Completed,6,2025-04-14 06:00:00,Apr,4,Q2
ORD01414,2025-02-11,CUST0265,EMP007,Ahmedabad,Home & Kitchen,Table Lamp,6,9525.66,0.1,8573.09,4773.13,3799.96,Completed,40,2025-02-12 16:00:00,Feb,2,Q1
ORD01415,2025-01-25,CUST0213,EMP007,Bengaluru,Office Supplies,Calculator,4,29007.08,0.2,23205.66,16759.56,6446.1,Completed,43,2025-01-26 19:00:00,Jan,1,Q1
ORD01416,2025-02-08,CUST0010,EMP003,Chennai,Office Supplies,Pen Set,3,22440.09,0.05,21318.09,16205.82,5112.27,Completed,47,2025-02-09 23:00:00,Feb,2,Q1
ORD01417,2025-10-18,CUST0203,EMP004,Pune,Fashion,Backpack,3,14213.19,0.15,12081.21,7578.79,4502.42,Completed,28,2025-10-19 04:00:00,Oct,10,Q4
ORD01418,2025-05-11,CUST0196,EMP010,Hyderabad,Fashion,Jacket,3,16887.27,0.05,16042.91,11888.59,4154.32,Completed,26,2025-05-12 02:00:00,May,5,Q2
ORD01419,2025-08-17,CUST0058,EMP009,Hyderabad,Electronics,Wireless Mouse,4,13366.72,0.1,12030.05,9185.73,2844.32,Cancelled,19,2025-08-17 19:00:00,Aug,8,Q3
ORD01420,2025-04-18,CUST0256,EMP006,Hyderabad,Office Supplies,Pen Set,1,2502.96,0.0,2502.96,1943.98,558.98,Completed,4,2025-04-18 04:00:00,Apr,4,Q2
ORD01421,2025-06-21,CUST0223,EMP005,Pune,Fashion,Sneakers,5,30892.8,0.2,24714.24,19924.94,4789.3,Completed,36,2025-06-22 12:00:00,Jun,6,Q2
ORD01422,2025-04-12,CUST0180,EMP003,Ahmedabad,Home & Kitchen,Cookware Set,6,44079.96,0.0,44079.96,28772.84,15307.12,Completed,18,2025-04-12 18:00:00,Apr,4,Q2
ORD01423,2025-12-20,CUST0035,EMP009,Hyderabad,Beauty,Face Wash,3,16834.65,0.15,14309.45,10551.31,3758.14,Completed,20,2025-12-20 20:00:00,Dec,12,Q4
ORD01424,2025-01-12,CUST0103,EMP005,Pune,Home & Kitchen,Table Lamp,7,30952.46,0.0,30952.46,27050.01,3902.45,Pending,3,2025-01-12 03:00:00,Jan,1,Q1
ORD01425,2025-10-02,CUST0161,EMP005,Hyderabad,Beauty,Shampoo,4,5908.08,0.05,5612.68,4750.5,862.18,Completed,20,2025-10-02 20:00:00,Oct,10,Q4
ORD01426,2025-04-11,CUST0200,EMP004,Mumbai,Fashion,T-Shirt,1,596.38,0.1,536.74,463.95,72.79,Cancelled,10,2025-04-11 10:00:00,Apr,4,Q2
ORD01427,2025-02-13,CUST0160,EMP004,Ahmedabad,Electronics,USB Hub,5,19357.65,0.05,18389.77,12457.69,5932.08,Pending,4,2025-02-13 04:00:00,Feb,2,Q1
ORD01428,2025-11-01,CUST0183,EMP001,Mumbai,Home & Kitchen,Water Bottle,4,2248.28,0.0,2248.28,1820.4,427.88,Completed,7,2025-11-01 07:00:00,Nov,11,Q4
ORD01429,2025-01-17,CUST0136,EMP007,Bengaluru,Home & Kitchen,Cookware Set,6,29423.64,0.05,27952.46,21091.98,6860.48,Cancelled,9,2025-01-17 09:00:00,Jan,1,Q1
ORD01430,2025-11-26,CUST0226,EMP009,Ahmedabad,Home & Kitchen,Water Bottle,6,20074.74,0.15,17063.53,9850.82,7212.71,Delayed,58,2025-11-28 10:00:00,Nov,11,Q4
ORD01431,2025-02-26,CUST0243,EMP003,Hyderabad,Beauty,Moisturizer,5,32362.65,0.1,29126.38,23939.37,5187.01,Pending,22,2025-02-26 22:00:00,Feb,2,Q1
ORD01432,2025-11-07,CUST0106,EMP002,Kolkata,Fashion,Jeans,3,8106.48,0.0,8106.48,6269.9,1836.58,Delayed,92,2025-11-10 20:00:00,Nov,11,Q4
ORD01433,2025-10-30,CUST0071,EMP003,Bengaluru,Home & Kitchen,Storage Box,6,30608.46,0.15,26017.19,16017.29,9999.9,Completed,26,2025-10-31 02:00:00,Oct,10,Q4
ORD01434,2025-01-12,CUST0077,EMP001,Pune,Home & Kitchen,Water Bottle,1,4639.66,0.0,4639.66,2673.9,1965.76,Pending,4,2025-01-12 04:00:00,Jan,1,Q1
ORD01435,2025-11-14,CUST0054,EMP006,Bengaluru,Electronics,Headphones,4,757.4,0.1,681.66,563.2,118.46,Pending,11,2025-11-14 11:00:00,Nov,11,Q4
ORD01436,2025-03-21,CUST0277,EMP007,Hyderabad,Electronics,Power Bank,1,754.45,0.05,716.73,412.86,303.87,Completed,23,2025-03-21 23:00:00,Mar,3,Q1
ORD01437,2025-08-04,CUST0111,EMP002,Pune,Fashion,Jacket,3,7723.71,0.1,6951.34,4032.8,2918.54,Cancelled,21,2025-08-04 21:00:00,Aug,8,Q3
ORD01438,2025-12-05,CUST0224,EMP008,Kolkata,Fashion,Backpack,1,7516.66,0.05,7140.83,4934.63,2206.2,Cancelled,7,2025-12-05 07:00:00,Dec,12,Q4
ORD01439,2025-09-21,CUST0075,EMP006,Pune,Office Supplies,File Folder,1,1377.57,0.25,1033.18,614.21,418.97,Completed,45,2025-09-22 21:00:00,Sep,9,Q3
ORD01440,2025-05-29,CUST0014,EMP004,Mumbai,Electronics,Power Bank,2,12171.94,0.05,11563.34,9846.31,1717.03,Delayed,73,2025-06-01 01:00:00,May,5,Q2
ORD01441,2025-03-22,CUST0258,EMP005,Pune,Office Supplies,File Folder,1,8277.61,0.05,7863.73,5545.45,2318.28,Delayed,96,2025-03-26 00:00:00,Mar,3,Q1
ORD01442,2025-08-03,CUST0189,EMP008,Pune,Beauty,Face Wash,5,33756.2,0.05,32068.39,23660.69,8407.7,Cancelled,21,2025-08-03 21:00:00,Aug,8,Q3
ORD01443,2025-07-17,CUST0239,EMP003,Bengaluru,Office Supplies,Desk Organizer,4,8714.36,0.2,6971.49,5969.51,1001.98,Cancelled,5,2025-07-17 05:00:00,Jul,7,Q3
ORD01444,2025-07-19,CUST0091,EMP003,Kolkata,Home & Kitchen,Mixer Grinder,2,15469.7,0.1,13922.73,10093.8,3828.93,Pending,10,2025-07-19 10:00:00,Jul,7,Q3
ORD01445,2025-01-25,CUST0184,EMP004,Delhi,Office Supplies,Desk Organizer,4,3709.76,0.15,3153.3,2102.26,1051.04,Delayed,96,2025-01-29 00:00:00,Jan,1,Q1
ORD01446,2025-03-30,CUST0017,EMP001,Pune,Fashion,Backpack,4,16235.96,0.2,12988.77,10560.66,2428.11,Completed,28,2025-03-31 04:00:00,Mar,3,Q1
ORD01447,2025-09-25,CUST0012,EMP009,Chennai,Beauty,Face Wash,3,22682.91,0.2,18146.33,12632.4,5513.93,Completed,12,2025-09-25 12:00:00,Sep,9,Q3
ORD01448,2025-05-23,CUST0166,EMP008,Delhi,Home & Kitchen,Storage Box,3,16513.71,0.15,14036.65,9195.34,4841.31,Completed,20,2025-05-23 20:00:00,May,5,Q2
ORD01449,2025-02-28,CUST0146,EMP008,Mumbai,Office Supplies,Desk Organizer,2,7207.86,0.0,7207.86,5684.59,1523.27,Completed,24,2025-03-01 00:00:00,Feb,2,Q1
ORD01450,2025-12-31,CUST0282,EMP010,Kolkata,Beauty,Moisturizer,6,15569.94,0.15,13234.45,10779.85,2454.6,Completed,16,2025-12-31 16:00:00,Dec,12,Q4
ORD01451,2025-01-26,CUST0037,EMP006,Kolkata,Beauty,Face Wash,7,22974.56,0.05,21825.83,17706.56,4119.27,Completed,6,2025-01-26 06:00:00,Jan,1,Q1
ORD01452,2025-02-16,CUST0070,EMP007,Ahmedabad,Home & Kitchen,Mixer Grinder,3,13198.98,0.15,11219.13,9790.18,1428.95,Pending,21,2025-02-16 21:00:00,Feb,2,Q1
ORD01453,2025-10-15,CUST0169,EMP006,Mumbai,Office Supplies,File Folder,7,19698.14,0.1,17728.33,14352.86,3375.47,Cancelled,2,2025-10-15 02:00:00,Oct,10,Q4
ORD01454,2025-09-23,CUST0170,EMP009,Pune,Beauty,Shampoo,3,24722.64,0.15,21014.24,16897.09,4117.15,Cancelled,18,2025-09-23 18:00:00,Sep,9,Q3
ORD01455,2025-01-16,CUST0253,EMP003,Bengaluru,Beauty,Perfume,3,23823.6,0.1,21441.24,17859.91,3581.33,Completed,31,2025-01-17 07:00:00,Jan,1,Q1
ORD01456,2025-07-18,CUST0297,EMP003,Delhi,Electronics,Power Bank,4,29680.44,0.1,26712.4,14693.45,12018.95,Delayed,63,2025-07-20 15:00:00,Jul,7,Q3
ORD01457,2025-10-09,CUST0142,EMP003,Ahmedabad,Beauty,Moisturizer,2,7344.56,0.25,5508.42,3688.45,1819.97,Delayed,77,2025-10-12 05:00:00,Oct,10,Q4
ORD01458,2025-03-27,CUST0273,EMP010,Mumbai,Electronics,Keyboard,4,23689.48,0.0,23689.48,18795.45,4894.03,Completed,14,2025-03-27 14:00:00,Mar,3,Q1
ORD01459,2025-09-07,CUST0225,EMP003,Mumbai,Office Supplies,Notebook,5,38443.1,0.05,36520.94,27314.28,9206.66,Completed,27,2025-09-08 03:00:00,Sep,9,Q3
ORD01460,2025-09-27,CUST0183,EMP009,Chennai,Office Supplies,Calculator,4,29004.36,0.1,26103.92,15886.81,10217.11,Completed,46,2025-09-28 22:00:00,Sep,9,Q3
ORD01461,2025-12-01,CUST0221,EMP004,Pune,Office Supplies,Calculator,7,25267.41,0.25,18950.56,12322.26,6628.3,Delayed,62,2025-12-03 14:00:00,Dec,12,Q4
ORD01462,2025-04-27,CUST0053,EMP007,Ahmedabad,Fashion,Backpack,7,7618.94,0.0,7618.94,5037.2,2581.74,Cancelled,15,2025-04-27 15:00:00,Apr,4,Q2
ORD01463,2025-01-07,CUST0118,EMP009,Delhi,Office Supplies,Pen Set,5,3907.55,0.0,3907.55,2881.36,1026.19,Delayed,71,2025-01-09 23:00:00,Jan,1,Q1
ORD01464,2025-05-17,CUST0159,EMP007,Mumbai,Beauty,Shampoo,1,4968.48,0.0,4968.48,4096.15,872.33,Completed,47,2025-05-18 23:00:00,May,5,Q2
ORD01465,2025-06-25,CUST0136,EMP009,Kolkata,Home & Kitchen,Cookware Set,1,5515.94,0.0,5515.94,4731.14,784.8,Pending,5,2025-06-25 05:00:00,Jun,6,Q2
ORD01466,2025-11-24,CUST0077,EMP003,Mumbai,Electronics,Wireless Mouse,5,36230.95,0.2,28984.76,23116.23,5868.53,Completed,42,2025-11-25 18:00:00,Nov,11,Q4
ORD01467,2025-11-11,CUST0045,EMP004,Mumbai,Fashion,Jeans,5,12962.5,0.15,11018.12,9124.92,1893.2,Cancelled,9,2025-11-11 09:00:00,Nov,11,Q4
ORD01468,2025-08-03,CUST0018,EMP008,Mumbai,Office Supplies,Calculator,4,6193.52,0.1,5574.17,3930.52,1643.65,Pending,19,2025-08-03 19:00:00,Aug,8,Q3
ORD01469,2025-03-23,CUST0205,EMP006,Ahmedabad,Office Supplies,Notebook,5,16573.5,0.1,14916.15,10122.49,4793.66,Completed,15,2025-03-23 15:00:00,Mar,3,Q1
ORD01470,2025-08-11,CUST0083,EMP005,Bengaluru,Home & Kitchen,Mixer Grinder,2,6204.7,0.15,5274.0,3584.18,1689.82,Pending,13,2025-08-11 13:00:00,Aug,8,Q3
ORD01471,2025-04-13,CUST0050,EMP004,Hyderabad,Home & Kitchen,Storage Box,1,1256.12,0.0,1256.12,946.23,309.89,Pending,16,2025-04-13 16:00:00,Apr,4,Q2
ORD01472,2025-09-30,CUST0281,EMP008,Chennai,Fashion,Jeans,1,5763.56,0.05,5475.38,3235.94,2239.44,Completed,33,2025-10-01 09:00:00,Sep,9,Q3
ORD01473,2025-01-14,CUST0166,EMP001,Kolkata,Electronics,Headphones,6,26385.48,0.1,23746.93,17602.01,6144.92,Pending,15,2025-01-14 15:00:00,Jan,1,Q1
ORD01474,2025-06-08,CUST0243,EMP009,Bengaluru,Office Supplies,Pen Set,5,30856.9,0.0,30856.9,23744.19,7112.71,Completed,32,2025-06-09 08:00:00,Jun,6,Q2
ORD01475,2025-06-01,CUST0164,EMP001,Chennai,Fashion,Sneakers,3,9284.91,0.05,8820.66,6128.95,2691.71,Cancelled,1,2025-06-01 01:00:00,Jun,6,Q2
ORD01476,2025-04-18,CUST0056,EMP008,Mumbai,Beauty,Moisturizer,3,8608.83,0.05,8178.39,7070.59,1107.8,Completed,14,2025-04-18 14:00:00,Apr,4,Q2
ORD01477,2025-07-07,CUST0039,EMP004,Ahmedabad,Beauty,Moisturizer,5,20480.05,0.0,20480.05,15374.59,5105.46,Delayed,76,2025-07-10 04:00:00,Jul,7,Q3
ORD01478,2025-10-28,CUST0128,EMP009,Chennai,Fashion,Jacket,2,14952.7,0.0,14952.7,9309.55,5643.15,Completed,21,2025-10-28 21:00:00,Oct,10,Q4
ORD01479,2025-04-08,CUST0122,EMP005,Pune,Office Supplies,File Folder,3,1459.05,0.15,1240.19,878.23,361.96,Cancelled,22,2025-04-08 22:00:00,Apr,4,Q2
ORD01480,2025-05-11,CUST0247,EMP003,Pune,Fashion,Jeans,6,41222.1,0.0,41222.1,31859.88,9362.22,Completed,30,2025-05-12 06:00:00,May,5,Q2
ORD01481,2025-10-20,CUST0186,EMP009,Hyderabad,Office Supplies,Calculator,7,22617.35,0.2,18093.88,11884.02,6209.86,Completed,40,2025-10-21 16:00:00,Oct,10,Q4
ORD01482,2025-06-20,CUST0208,EMP009,Hyderabad,Home & Kitchen,Storage Box,5,36430.35,0.0,36430.35,20994.15,15436.2,Completed,15,2025-06-20 15:00:00,Jun,6,Q2
ORD01483,2025-07-02,CUST0239,EMP004,Chennai,Fashion,Backpack,2,13696.8,0.15,11642.28,8644.79,2997.49,Completed,26,2025-07-03 02:00:00,Jul,7,Q3
ORD01484,2025-12-30,CUST0215,EMP004,Bengaluru,Office Supplies,Desk Organizer,2,6124.32,0.2,4899.46,4227.24,672.22,Completed,37,2025-12-31 13:00:00,Dec,12,Q4
ORD01485,2025-02-08,CUST0292,EMP008,Bengaluru,Fashion,Backpack,4,23775.48,0.2,19020.38,13505.87,5514.51,Completed,41,2025-02-09 17:00:00,Feb,2,Q1
ORD01486,2025-01-15,CUST0224,EMP002,Mumbai,Fashion,T-Shirt,2,2965.86,0.2,2372.69,2014.45,358.24,Completed,26,2025-01-16 02:00:00,Jan,1,Q1
ORD01487,2025-01-04,CUST0088,EMP009,Bengaluru,Office Supplies,Calculator,3,22901.85,0.05,21756.76,17961.46,3795.3,Delayed,73,2025-01-07 01:00:00,Jan,1,Q1
ORD01488,2025-12-15,CUST0025,EMP006,Hyderabad,Office Supplies,Notebook,7,24692.5,0.05,23457.88,14042.97,9414.91,Completed,7,2025-12-15 07:00:00,Dec,12,Q4
ORD01489,2025-07-29,CUST0220,EMP009,Bengaluru,Electronics,USB Hub,3,11863.41,0.05,11270.24,8832.44,2437.8,Completed,33,2025-07-30 09:00:00,Jul,7,Q3
ORD01490,2025-06-10,CUST0275,EMP008,Mumbai,Fashion,Sneakers,5,30215.45,0.0,30215.45,20960.57,9254.88,Completed,33,2025-06-11 09:00:00,Jun,6,Q2
ORD01491,2025-01-16,CUST0135,EMP007,Pune,Beauty,Moisturizer,7,49028.14,0.0,49028.14,31014.28,18013.86,Completed,16,2025-01-16 16:00:00,Jan,1,Q1
ORD01492,2025-04-18,CUST0233,EMP001,Bengaluru,Fashion,Backpack,5,10617.3,0.2,8493.84,6597.08,1896.76,Pending,24,2025-04-19 00:00:00,Apr,4,Q2
ORD01493,2025-11-07,CUST0066,EMP003,Bengaluru,Fashion,Backpack,2,11344.54,0.1,10210.09,8117.82,2092.27,Cancelled,18,2025-11-07 18:00:00,Nov,11,Q4
ORD01494,2025-08-15,CUST0080,EMP002,Hyderabad,Office Supplies,Calculator,6,20539.08,0.1,18485.17,11264.23,7220.94,Completed,11,2025-08-15 11:00:00,Aug,8,Q3
ORD01495,2025-06-19,CUST0255,EMP005,Chennai,Fashion,Backpack,1,3228.67,0.2,2582.94,2200.06,382.88,Completed,27,2025-06-20 03:00:00,Jun,6,Q2
ORD01496,2025-02-03,CUST0125,EMP005,Pune,Fashion,T-Shirt,7,41382.04,0.1,37243.84,29716.06,7527.78,Completed,21,2025-02-03 21:00:00,Feb,2,Q1
ORD01497,2025-09-08,CUST0146,EMP005,Ahmedabad,Beauty,Moisturizer,4,13531.92,0.1,12178.73,10449.52,1729.21,Delayed,61,2025-09-10 13:00:00,Sep,9,Q3
ORD01498,2025-09-04,CUST0103,EMP004,Chennai,Office Supplies,Desk Organizer,1,3040.01,0.15,2584.01,1691.58,892.43,Completed,28,2025-09-05 04:00:00,Sep,9,Q3
ORD01499,2025-09-26,CUST0277,EMP005,Ahmedabad,Fashion,T-Shirt,2,14259.34,0.0,14259.34,12262.76,1996.58,Delayed,54,2025-09-28 06:00:00,Sep,9,Q3
ORD01500,2025-05-21,CUST0124,EMP003,Mumbai,Home & Kitchen,Storage Box,2,1991.32,0.05,1891.75,1270.52,621.23,Completed,35,2025-05-22 11:00:00,May,5,Q2
